synset,adverb,sentence,type
00001885-r,AD,in AD 200,adverb.temporal
00002029-r,CE,in 200 CE,adverb.temporal
00002190-r,BC,in 200 BC,adverb.temporal
00002344-r,BCE,in 200 BCE,adverb.temporal
00002484-r,horseback,he rode horseback to town,adverb.manner
00002484-r,ahorse,managed to escape ahorse,adverb.manner
00002484-r,ahorseback,policeman patrolled the streets ahorseback,adverb.manner
00002669-r,hardly,we hardly knew them,adverb.degree
00002669-r,scarcely,had scarcely rung the bell when the door flew open,adverb.degree
00002935-r,just,I only just caught the bus,adverb.degree
00002935-r,just,he finished the marathon in just under 3 hours,adverb.degree
00002935-r,barely,it was barely 5 a.m.,adverb.degree
00002935-r,barely,the network has barely 5 percent of viewers,adverb.degree
00002935-r,just,the batter just missed being hit,adverb.degree
00003175-r,just,"we've just finished painting the walls, so don't touch them",adverb.temporal
00003317-r,hardly,he hardly ever goes fishing,adverb.degree
00003317-r,scarce,he was scarce sixteen years old,adverb.degree
00003317-r,scarcely,they scarcely ever used the emergency generator,adverb.frequency
00003317-r,hardly,I can hardly hear what she is saying,adverb.degree
00003317-r,barely,she barely seemed to notice him,adverb.degree
00003317-r,barely,we were so far back in the theater we could barely read the subtitles,adverb.degree
00003864-r,basically,He is basically dishonest,adverb.degree
00003864-r,essentially,the argument was essentially a technical one,adverb.degree
00004227-r,boiling,boiling mad,adverb.degree
00004306-r,enviably,she was enviably fluent in French,adverb.degree
00004419-r,pointedly,he pointedly ignored the question,adverb.manner
00004565-r,negatively,he was negatively inclined,adverb.manner
00004669-r,negatively,he was negatively affected,adverb.manner
00004775-r,kindly,He spoke kindly to the boy,adverb.manner
00004775-r,kindly,she kindly overlooked the mistake,adverb.subject_oriented
00004948-r,unkindly,The teacher treats the children unkindly,adverb.manner
00005103-r,merely,I was merely asking,adverb.focus
00005103-r,simply,it is simply a matter of time,adverb.focus
00005103-r,just,just a scratch,adverb.focus
00005103-r,only,he was only a child,adverb.focus
00005103-r,but,hopes that last but a moment,adverb.focus
00005348-r,simply,we are simply broke,adverb.degree
00005436-r,plainly,she was dressed plainly,adverb.manner
00005436-r,simply,they lived very simply,adverb.manner
00005591-r,anciently,a concern with what may have happened anciently,adverb.temporal
00005724-r,arguably,she is arguably the best,adverb.speaker_oriented
00005948-r,automatically,he answered automatically,adverb.manner
00006055-r,alarmingly,It grew alarmingly fast,adverb.degree
00006160-r,vastly,He had vastly overestimated his resources,adverb.degree
00006160-r,immensely,was immensely more important to the project as a scientist than as an administrator,adverb.degree
00006486-r,largely,These accounts are largely inactive,adverb.degree
00006640-r,significantly,our budget will be significantly affected by these new cuts,adverb.degree
00006822-r,insignificantly,our budget will only be insignificantly affected by these new cuts,adverb.degree
00007009-r,appreciably,the weather was appreciably colder,adverb.degree
00007128-r,ultrasonically,the kidney stones were removed ultrasonically,adverb.manner
00007257-r,smartly,He was smartly dressed,adverb.manner
00007414-r,approximately,lasted approximately an hour,adverb.degree
00007414-r,about,in just about a minute,adverb.degree
00007414-r,about,he's about 30 years old,adverb.degree
00007414-r,about,I've had about all I can stand,adverb.degree
00007414-r,about,we meet about once a month,adverb.degree
00007414-r,some,some forty people came,adverb.degree
00007414-r,around,weighs around a hundred pounds,adverb.degree
00007414-r,roughly,"roughly $3,000",adverb.degree
00007887-r,absolutely,we are absolutely opposed to the idea,adverb.degree
00007887-r,absolutely,he forced himself to lie absolutely still,adverb.degree
00007887-r,absolutely,iron is absolutely necessary,adverb.degree
00008102-r,partly,I felt partly to blame,adverb.degree
00008102-r,partially,He was partially paralyzed,adverb.degree
00008300-r,half,he was half hidden by the bushes,adverb.degree
00008423-r,wholly,he was wholly convinced,adverb.degree
00008423-r,entirely,entirely satisfied with the meal,adverb.degree
00008423-r,completely,it was completely different from what we expected,adverb.degree
00008423-r,completely,was completely at fault,adverb.degree
00008423-r,totally,a totally new situation,adverb.degree
00008423-r,all,the directions were all wrong,adverb.degree
00008423-r,altogether,it was not altogether her fault,adverb.degree
00008423-r,altogether,an altogether new approach,adverb.degree
00008423-r,whole,a whole new idea,adverb.degree
00008423-r,right,she felt right at home,adverb.degree
00008423-r,right,he fell right into the trap,adverb.degree
00009062-r,entirely,was entirely to blame,adverb.degree
00009062-r,entirely,a school devoted entirely to the needs of problem children,adverb.degree
00009062-r,exclusively,he works for Mr. Smith exclusively,adverb.focus
00009062-r,solely,did it solely for money,adverb.focus
00009062-r,alone,the burden of proof rests on the prosecution alone,adverb.focus
00009062-r,only,a privilege granted only to him,adverb.focus
00009459-r,absolutely,an absolutely magnificent painting,adverb.degree
00009459-r,perfectly,a perfectly idiotic idea,adverb.degree
00009459-r,perfectly,you're perfectly right,adverb.degree
00009459-r,utterly,utterly miserable,adverb.degree
00009459-r,dead,you can be dead sure of my innocence,adverb.degree
00009459-r,dead,was dead tired,adverb.degree
00009459-r,dead,dead right,adverb.degree
00009835-r,clean,clean forgot the appointment,adverb.degree
00009835-r,plumb,I'm plumb (or plum) tuckered out,adverb.degree
00010003-r,plumb,fell plumb in the middle of the puddle,adverb.degree
00010112-r,perfectly,She performed perfectly on the balance beam,adverb.manner
00010112-r,perfectly,spoke English perfectly,adverb.manner
00010112-r,perfectly,solved the problem perfectly,adverb.manner
00010321-r,pat,he has the lesson pat,adverb.degree
00010321-r,pat,had the system down pat,adverb.degree
00010428-r,please,please pay attention,adverb.speaker_oriented
00010509-r,imperfectly,The lobe was imperfectly developed,adverb.manner
00010738-r,amiss,"if you think him guilty, you judge amiss",adverb.manner
00010738-r,amiss,he spoke amiss,adverb.manner
00010738-r,amiss,no one took it amiss when she spoke frankly,adverb.manner
00010928-r,fully,fully grown,adverb.degree
00010928-r,fully,he didn't fully understand,adverb.degree
00010928-r,full,knew full well,adverb.degree
00011221-r,only,He arrived only to find his wife dead,adverb.conjunctive
00011221-r,only,We won only to lose again in the next round,adverb.conjunctive
00011376-r,only,These news will only make you more upset,adverb.focus
00011473-r,only,I spoke to him only an hour ago,adverb.focus
00011555-r,well,the children behaved well,adverb.manner
00011555-r,well,a task well done,adverb.manner
00011555-r,well,the party went well,adverb.manner
00011555-r,well,he slept well,adverb.manner
00011555-r,good,the baby can walk pretty good,adverb.manner
00011978-r,ill,he was ill prepared,adverb.degree
00011978-r,ill,it ill befits a man to betray old friends,adverb.manner
00011978-r,badly,the car runs badly,adverb.manner
00011978-r,badly,he performed badly on the exam,adverb.manner
00011978-r,poorly,the team played poorly,adverb.manner
00012378-r,ill,we can ill afford to buy a new car just now,adverb.degree
00012591-r,well,took the joke well,adverb.manner
00012591-r,well,took the tragic news well,adverb.manner
00012748-r,badly,they took their defeat badly,adverb.manner
00012748-r,badly,took her father's death badly,adverb.manner
00012748-r,badly,conducted himself very badly at the time of the earthquake,adverb.manner
00012993-r,well,I might well do it,adverb.degree
00012993-r,easily,a mistake that could easily have ended in disaster,adverb.degree
00012993-r,well,you may well need your umbrella,adverb.degree
00012993-r,well,he could equally well be trying to deceive us,adverb.degree
00013241-r,well,The problem is well understood,adverb.degree
00013241-r,well,she was well informed,adverb.degree
00013241-r,well,shake well before using,adverb.manner
00013241-r,well,"in order to avoid food poisoning, be sure the meat is well cooked",adverb.degree
00013554-r,well,their neighbors spoke well of them,adverb.manner
00013554-r,well,he thought well of the book,adverb.manner
00013698-r,ill,tried not to speak ill of the dead,adverb.manner
00013698-r,badly,thought badly of him for his lack of concern,adverb.manner
00013891-r,well,the project was well underway,adverb.degree
00013891-r,well,the fetus has well developed organs,adverb.degree
00013891-r,well,his father was well pleased with his grades,adverb.degree
00014088-r,well,They live well,adverb.manner
00014088-r,comfortably,she has been able to live comfortably since her husband died,adverb.manner
00014255-r,well,she married well,adverb.manner
00014255-r,advantageously,The children were settled advantageously in Seattle,adverb.manner
00014476-r,badly,the venture turned out badly for the investors,adverb.manner
00014476-r,disadvantageously,angry that the case was settled disadvantageously for them,adverb.manner
00014747-r,well,I'm afraid the film was well over budget,adverb.degree
00014747-r,considerably,painting the room white made it seem considerably (or substantially) larger,adverb.degree
00014747-r,considerably,the house has fallen considerably in value,adverb.degree
00014747-r,substantially,the price went up substantially,adverb.degree
00015078-r,well,she dances well,adverb.manner
00015078-r,well,he writes well,adverb.manner
00015200-r,badly,she writes badly,adverb.manner
00015200-r,badly,I think he paints very badly,adverb.manner
00015344-r,well,You would do well to say nothing more,adverb.subject_oriented
00015344-r,well,could not well refuse,adverb.manner
00015469-r,well,we knew them well,adverb.degree
00015597-r,well,a book well worth reading,adverb.degree
00015597-r,well,was well aware of the difficulties ahead,adverb.degree
00015597-r,well,suspected only too well what might be going on,adverb.manner
00015933-r,okay,she'll do okay on her own,adverb.manner
00016168-r,unsatisfactorily,He performed unsatisfactorily as a manager,adverb.manner
00016415-r,badly,fingers so badly frozen they had to be amputated,adverb.degree
00016415-r,badly,badly injured,adverb.degree
00016415-r,severely,a severely impaired heart,adverb.degree
00016415-r,gravely,is gravely ill,adverb.degree
00016415-r,seriously,was seriously ill,adverb.degree
00016702-r,badly,I wanted it badly enough to work hard for it,adverb.degree
00016702-r,badly,the cables had sagged badly,adverb.degree
00016702-r,badly,they were badly in need of help,adverb.degree
00016702-r,bad,he wants a bicycle so bad he can taste it,adverb.degree
00016920-r,badly,the injury hurt badly,adverb.degree
00016920-r,badly,the buildings were badly shaken,adverb.degree
00016920-r,bad,it hurts bad,adverb.degree
00016920-r,bad,we need water bad,adverb.degree
00017140-r,badly,he behaved badly in school,adverb.manner
00017140-r,mischievously,he mischievously looked for a chance to embarrass his sister,adverb.manner
00017140-r,naughtily,behaved naughtily when they had guests and was sent to his room,adverb.manner
00017412-r,badly,treated his parents badly,adverb.manner
00017412-r,badly,to steal is to act badly,adverb.manner
00017539-r,worse,he did worse on the second exam,adverb.manner
00017703-r,worst,She suffered worst of all,adverb.degree
00017703-r,worst,schools were the worst hit by government spending cuts,adverb.degree
00017703-r,worst,the worst dressed person present,adverb.manner
00017907-r,even,even an idiot knows that,adverb.focus
00017907-r,even,declined even to consider the idea,adverb.focus
00017907-r,even,I don't have even a dollar!,adverb.focus
00018101-r,even,looked sick and felt even worse,adverb.focus
00018101-r,even,an even (or still) more interesting problem,adverb.focus
00018101-r,still,still another problem must be solved,adverb.focus
00018101-r,yet,a yet sadder tale,adverb.degree
00018505-r,even,"even when he is sick, he works",adverb.focus
00018505-r,even,even with his head start she caught up with him,adverb.focus
00018651-r,even,loyal even unto death,adverb.focus
00018764-r,rather,it was rather cold,adverb.degree
00018764-r,rather,the party was rather nice,adverb.degree
00018764-r,rather,the knife is rather dull,adverb.degree
00018764-r,rather,I rather regret that I cannot attend,adverb.degree
00018764-r,rather,He's rather good at playing the cello,adverb.degree
00019039-r,quite,you're quite right,adverb.degree
00019039-r,quite,she was quite alone,adverb.degree
00019039-r,quite,was quite mistaken,adverb.degree
00019039-r,quite,quite the opposite,adverb.degree
00019039-r,quite,not quite finished,adverb.degree
00019039-r,quite,did not quite make it,adverb.degree
00019243-r,quite,quite tasty,adverb.degree
00019243-r,quite,quite soon,adverb.degree
00019243-r,quite,quite ill,adverb.degree
00019243-r,quite,quite rich,adverb.degree
00019380-r,quite,her victory was quite something,adverb.degree
00019380-r,quite,she's quite a girl,adverb.degree
00019380-r,quite,quite a film,adverb.degree
00019380-r,quite,quite a walk,adverb.degree
00019380-r,quite,we've had quite an afternoon,adverb.degree
00019643-r,quite,was quite a sudden change,adverb.degree
00019643-r,quite,it's quite the thing to do,adverb.degree
00019643-r,quite,quite the rage,adverb.degree
00019801-r,always,I will always be there to help you,adverb.frequency
00019801-r,always,always arrives on time,adverb.frequency
00019801-r,always,there is always some pollution in the air,adverb.frequency
00019801-r,ever,ever hoping to strike it rich,adverb.frequency
00019801-r,ever,ever busy,adverb.frequency
00020071-r,always,we will always be friends,adverb.frequency
00020071-r,always,I shall treasure it always,adverb.frequency
00020071-r,always,I will always love you,adverb.frequency
00020219-r,always,you can always resign if you don't like it,adverb.frequency
00020219-r,always,you could always take a day off,adverb.frequency
00020597-r,consecutively,"he was consecutively ill, then well, then ill again",adverb.temporal
00020735-r,constantly,the world is constantly changing,adverb.frequency
00020931-r,constantly,constantly kind and gracious,adverb.frequency
00020931-r,always,he always arrives on time,adverb.frequency
00021214-r,never,I have never been to China,adverb.frequency
00021214-r,never,I shall never forget this day,adverb.frequency
00021214-r,never,had never seen a circus,adverb.frequency
00021214-r,never,never on Sunday,adverb.frequency
00021214-r,never,I will never marry you!,adverb.frequency
00021214-r,never,never fear,adverb.frequency
00021667-r,occasionally,he was arrogant and occasionally callous,adverb.frequency
00021667-r,occasionally,open areas are only occasionally interrupted by clumps of trees,adverb.frequency
00022156-r,sometime,let's get together sometime,adverb.temporal
00022156-r,sometime,everything has to end sometime,adverb.temporal
00022156-r,sometime,It was to be printed sometime later,adverb.temporal
00022332-r,sometimes,sometimes she wished she were back in England,adverb.frequency
00022332-r,sometimes,sometimes her photography is breathtaking,adverb.frequency
00022332-r,sometimes,sometimes they come for a month; at other times for six months,adverb.frequency
00022585-r,equally,they were equally beautiful,adverb.degree
00022585-r,as,birds were singing and the child sang as sweetly,adverb.degree
00022585-r,as,sang as sweetly as a nightingale,adverb.degree
00022585-r,as,he is every bit as mean as she is,adverb.degree
00023283-r,much,much the same thing happened every time,adverb.degree
00023283-r,practically,practically everything in Hinduism is the manifestation of a god,adverb.degree
00023528-r,palmately,palmately cleft,adverb.manner
00023933-r,conventionally,he usually behaves rather conventionally,adverb.manner
00024080-r,unconventionally,she always behaves rather unconventionally,adverb.manner
00024317-r,pictorially,depth is established pictorially,adverb.manner
00024432-r,not,he does not speak French,adverb.focus
00024432-r,not,she is not going,adverb.focus
00024432-r,not,they are not friends,adverb.focus
00024432-r,not,not many,adverb.focus
00024432-r,not,not much,adverb.focus
00024432-r,not,not at all,adverb.degree
00024616-r,nothing,he looks nothing like his father,adverb.degree
00024868-r,any,it isn't any better,adverb.degree
00024946-r,no,he is no better today,adverb.degree
00025041-r,none,seemed none too pleased with his dinner,adverb.degree
00025041-r,none,shirt looked none the worse for having been slept in,adverb.degree
00025041-r,none,none too prosperous,adverb.degree
00025041-r,none,the passage is none too clear,adverb.degree
00025252-r,either,"he isn't stupid, but he isn't exactly a genius either",adverb.focus
00025252-r,either,I don't know either,adverb.focus
00025252-r,either,if you don't order dessert I won't either,adverb.focus
00025503-r,bloody,you are bloody right,adverb.degree
00025503-r,all-fired,Why are you so all-fired aggressive?,adverb.degree
00025699-r,anywhere,you can find this food anywhere,adverb.spatial
00025873-r,nowhere,I am going nowhere,adverb.spatial
00025968-r,somewhere,she must be somewhere,adverb.spatial
00026137-r,everywhere,You find fast food stores everywhere,adverb.spatial
00026137-r,everywhere,people everywhere are becoming aware of the problem,adverb.spatial
00026137-r,everywhere,he carried a gun everywhere he went,adverb.spatial
00026546-r,somehow,they managed somehow,adverb.manner
00026546-r,somehow,he expected somehow to discover a woman who would love him,adverb.manner
00026546-r,someway,he tried to make it someway acceptable,adverb.degree
00026794-r,somehow,It doesn't seem fair somehow,adverb.speaker_oriented
00026794-r,somehow,he had me dead to rights but somehow I got away with it,adverb.manner
00027635-r,anyhow,they came anyhow they could,adverb.manner
00027635-r,anyway,get it done anyway you can,adverb.manner
00027761-r,however,"although I'm a little afraid, however I'd like to try it",adverb.conjunctive
00027761-r,nevertheless,"while we disliked each other, nevertheless we agreed",adverb.conjunctive
00027761-r,yet,he was a stern yet fair master,adverb.conjunctive
00027761-r,still,"granted that it is dangerous, all the same I still want to go",adverb.conjunctive
00028191-r,yet,I have yet to see the results,adverb.temporal
00028191-r,yet,details are yet to be worked out,adverb.temporal
00028314-r,yet,the sun isn't up yet,adverb.temporal
00028594-r,yet,the largest drug bust yet,adverb.temporal
00028715-r,only,It was the same story; only this time she came out better,adverb.conjunctive
00028820-r,however,"Victory, however it was brought about, was sweet",adverb.manner
00028820-r,however,"however he did it, it was very clever",adverb.manner
00028974-r,however,"The results, however general, are important",adverb.degree
00028974-r,however,"they have begun, however reluctantly, to acknowledge the legitimacy of some of the opposition's concerns",adverb.degree
00029319-r,lightly,he took it lightly,adverb.manner
00030035-r,farther,farther north,adverb.degree
00030035-r,farther,moved farther away,adverb.degree
00030035-r,farther,farther down the corridor,adverb.degree
00030035-r,farther,the practice may go back still farther to the Druids,adverb.degree
00030035-r,further,went only three miles further,adverb.spatial
00030035-r,further,further in the future,adverb.degree
00030381-r,further,further complicated by uncertainty about the future,adverb.degree
00030381-r,further,let's not discuss it further,adverb.degree
00030381-r,further,nothing could be further from the truth,adverb.degree
00030381-r,further,they are further along in their research than we expected,adverb.degree
00030381-r,farther,the application of the law was extended farther,adverb.degree
00030381-r,farther,he is going no farther in his studies,adverb.degree
00030839-r,further,if we further suppose,adverb.focus
00030839-r,further,stated further that he would not cooperate with them,adverb.focus
00031050-r,farthest,see who could jump the farthest,adverb.degree
00031050-r,farthest,chose the farthest seat from the door,adverb.spatial
00031050-r,furthest,he swam the furthest,adverb.spatial
00031310-r,furthest,went the furthest of all the children in her education,adverb.degree
00031310-r,furthest,furthest removed from reality,adverb.degree
00031310-r,farthest,she goes farthest in helping us,adverb.degree
00031700-r,still,it's still warm outside,adverb.temporal
00031700-r,still,will you still love me when we're old and grey?,adverb.temporal
00032002-r,anymore,Alice doesn't live here anymore,adverb.temporal
00032194-r,already,she has already graduated,adverb.temporal
00032295-r,very,she was very gifted,adverb.degree
00032295-r,very,he played very well,adverb.degree
00032295-r,really,a really enjoyable evening,adverb.degree
00032295-r,real,I'm real sorry about it,adverb.degree
00032295-r,rattling,a rattling good yarn,adverb.degree
00032295-r,most,a most welcome relief,adverb.degree
00032295-r,precious,there is precious little time left,adverb.degree
00032576-r,fabulously,she plays fabulously well,adverb.degree
00032576-r,incredibly,behind you the coastal hills plunge to the incredibly blue sea backed by the Turkish mountains,adverb.degree
00032793-r,mighty,the baby is mighty cute,adverb.degree
00032793-r,mighty,he's mighty tired,adverb.degree
00032793-r,powerful,it is powerful humid,adverb.degree
00032793-r,powerful,that boy is powerful big now,adverb.degree
00032793-r,right,they have a right nice place,adverb.degree
00032793-r,mightily,they rejoiced mightily,adverb.degree
00033092-r,fucking,what took you so fucking long?,adverb.degree
00033190-r,much,he was much annoyed,adverb.degree
00033250-r,henceforth,henceforth she will be known as Mrs. Smith,adverb.temporal
00033383-r,hereafter,hereafter you will no longer receive an allowance,adverb.temporal
00033526-r,hereafter,hope to win salvation hereafter,adverb.temporal
00033695-r,just,he has just arrived,adverb.temporal
00033695-r,just,the sun just now came out,adverb.temporal
00033808-r,outright,he was killed outright,adverb.temporal
00033949-r,mildly,he was mildly interested,adverb.degree
00034196-r,anon,see you anon,adverb.temporal
00034309-r,soon,the doctor will soon be here,adverb.temporal
00034309-r,shortly,the book will appear shortly,adverb.temporal
00034309-r,presently,she will arrive presently,adverb.temporal
00034576-r,shortly,he was at the airport shortly before she was expected to arrive,adverb.temporal
00034576-r,briefly,she visited him briefly,adverb.temporal
00034576-r,briefly,was briefly associated with IBM,adverb.temporal
00034695-r,shortly,the hem fell shortly below her knees,adverb.degree
00034790-r,momently,she will be with you momently,adverb.temporal
00034887-r,shoulder-to-shoulder,the troops marched shoulder-to-shoulder,adverb.manner
00035028-r,soonest,the soonest I can arrive is 3 P.M.,adverb.temporal
00035445-r,often,we often met over a cup of coffee,adverb.frequency
00035707-r,anon,ever and anon,adverb.frequency
00035772-r,rarely,we rarely met,adverb.frequency
00035878-r,curiously,had a curiously husky voice,adverb.degree
00035878-r,peculiarly,he's behaving rather peculiarly,adverb.manner
00036138-r,pretty,pretty big,adverb.degree
00036138-r,pretty,pretty bad,adverb.degree
00036138-r,jolly,jolly decent of him,adverb.degree
00036138-r,reasonably,the shoes are priced reasonably,adverb.degree
00036138-r,fairly,he is fairly clever with computers,adverb.degree
00036472-r,unreasonably,his prices are unreasonably high,adverb.degree
00036695-r,somewhat,his arguments were somewhat self-contradictory,adverb.degree
00036695-r,slightly,the children argued because one slice of cake was slightly larger than the other,adverb.degree
00036919-r,movingly,she sang movingly,adverb.manner
00037013-r,extensively,oxidation ponds are extensively used for sewage treatment in the Midwest,adverb.degree
00037329-r,decidedly,it was decidedly too expensive,adverb.degree
00037620-r,truly,she was now truly American,adverb.degree
00037620-r,genuinely,a genuinely open society,adverb.degree
00037620-r,really,they don't really listen to us,adverb.degree
00038035-r,indeed,they said the car would break down and indeed it did,adverb.speaker_oriented
00038035-r,indeed,it is very cold indeed,adverb.degree
00038035-r,indeed,was indeed grateful,adverb.degree
00038035-r,so,he did so do it!,adverb.focus
00038407-r,truly,a truly awful book,adverb.degree
00039161-r,unnaturally,The early Church not unnaturally adopted the position that failure to see the messianic character of his work was really caused by the people's own blindness,adverb.speaker_oriented
00039452-r,clearly,they were clearly lost,adverb.speaker_oriented
00039452-r,clearly,history has clearly shown the folly of that policy,adverb.manner
00039730-r,obviously,the answer is obviously wrong,adverb.speaker_oriented
00039730-r,evidently,she was in bed and evidently in great pain,adverb.speaker_oriented
00039730-r,manifestly,he was manifestly too important to leave off the guest list,adverb.speaker_oriented
00039730-r,patently,it is all patently nonsense,adverb.speaker_oriented
00039730-r,apparently,she has apparently been living here for some time,adverb.speaker_oriented
00039730-r,apparently,"I thought he owned the property, but apparently not",adverb.speaker_oriented
00039730-r,plainly,You are plainly wrong,adverb.speaker_oriented
00039730-r,plain,he is plain stubborn,adverb.degree
00040353-r,apparently,irrigation often produces bumper crops from apparently desert land,adverb.speaker_oriented
00040353-r,seemingly,the child is seemingly healthy but the doctor is concerned,adverb.speaker_oriented
00040777-r,again,she tried again,adverb.frequency
00040777-r,again,they rehearsed the scene again,adverb.frequency
00040959-r,accidentally,they met accidentally,adverb.manner
00042168-r,specifically,a program specifically for teenagers,adverb.focus
00042168-r,specifically,he is interested specifically in poisonous snakes,adverb.focus
00042544-r,nonspecifically,nonspecifically staining substances,adverb.manner
00042664-r,fortunately,fortunately the weather was good,adverb.speaker_oriented
00042894-r,happily,happily he was not injured,adverb.speaker_oriented
00043024-r,sadly,sadly he died before he could see his grandchild,adverb.speaker_oriented
00043179-r,unfortunately,unfortunately it rained all day,adverb.speaker_oriented
00043413-r,therefore,therefore X must be true,adverb.speaker_oriented
00043413-r,hence,the eggs were fresh and hence satisfactory,adverb.speaker_oriented
00043413-r,thence,we were young and thence optimistic,adverb.temporal
00043413-r,thus,it is late and thus we must go,adverb.conjunctive
00043413-r,so,the witness is biased and so cannot be trusted,adverb.conjunctive
00043846-r,hence,a year hence it will be forgotten,adverb.temporal
00044018-r,thence,proceeded thence directly to college,adverb.spatial
00044018-r,thence,flew to Helsinki and thence to Moscow,adverb.spatial
00044018-r,therefrom,roads that lead therefrom,adverb.spatial
00044204-r,thence,a natural conclusion follows thence,adverb.spatial
00044204-r,therefrom,public interest and a policy deriving therefrom,adverb.spatial
00044204-r,therefrom,typhus fever results therefrom,adverb.spatial
00044486-r,therefor,ordering goods and enclosing payment therefor,adverb.conjunctive
00044486-r,therefor,a refund therefor,adverb.conjunctive
00044672-r,vocationally,vocationally trained,adverb.domain
00044989-r,one-on-one,preferred to settle the matter one-on-one,adverb.manner
00044989-r,person-to-person,interviewed her person-to-person,adverb.manner
00045164-r,face-to-face,she met the president face-to-face,adverb.manner
00045286-r,face-to-face,the two photographs lay face-to-face on the table,adverb.spatial
00045286-r,face-to-face,lived all their lives in houses face-to-face across the street,adverb.spatial
00045286-r,opposite,they sat opposite at the table,adverb.spatial
00045532-r,vis-a-vis,they sat vis-a-vis at the table,adverb.spatial
00045532-r,vis-a-vis,I found myself vis-a-vis a burly policeman,adverb.spatial
00046047-r,beyond,agreed to provide essentials but nothing beyond,adverb.degree
00046144-r,beyond,through the valley and beyond,adverb.spatial
00046144-r,beyond,to the eighth grade but not beyond,adverb.degree
00046144-r,beyond,will be influential in the 1990s and beyond,adverb.temporal
00046337-r,beyond,a pond with a hayfield beyond,adverb.spatial
00046442-r,otherwise,he is otherwise normal,adverb.focus
00046442-r,otherwise,the funds are not otherwise available,adverb.manner
00046442-r,otherwise,an otherwise hopeless situation,adverb.focus
00046607-r,additionally,he serves additionally as the CEO,adverb.focus
00046739-r,extremely,extremely cold,adverb.degree
00046739-r,extremely,extremely unpleasant,adverb.degree
00046739-r,super,she is super smart,adverb.degree
00046739-r,deathly,the night was deathly cold,adverb.degree
00046739-r,deathly,"as a child, I was deathly afraid of snakes",adverb.degree
00046739-r,whopping,they all were whopping drunk,adverb.degree
00046987-r,drop-dead,she was drop-dead gorgeous,adverb.degree
00047177-r,madly,she was madly in love,adverb.degree
00047177-r,deadly,deadly dull,adverb.degree
00047177-r,deadly,deadly earnest,adverb.degree
00047177-r,deucedly,deucedly clever,adverb.degree
00047177-r,insanely,insanely jealous,adverb.degree
00047401-r,inordinately,she was inordinately smart,adverb.degree
00047401-r,extraordinarily,it will be an extraordinarily painful step to negotiate,adverb.degree
00047930-r,too,too big,adverb.degree
00048072-r,too,"he has a Mercedes, too",adverb.focus
00048179-r,yet,he longed for the flowers that were yet to show themselves,adverb.temporal
00048441-r,ultimately,ultimately he had to give in,adverb.temporal
00048806-r,presently,he is presently our ambassador to the United Nations,adverb.temporal
00048806-r,currently,currently they live in Connecticut,adverb.temporal
00049013-r,now,we now rarely see horse-drawn vehicles on city streets,adverb.temporal
00049013-r,today,today almost every home has television,adverb.temporal
00049277-r,immediately,he answered immediately,adverb.temporal
00049277-r,straightaway,found an answer straightaway,adverb.temporal
00049277-r,forthwith,an official accused of dishonesty should be suspended forthwith,adverb.temporal
00049640-r,now,now hear this!,adverb.temporal
00049640-r,now,now pay attention,adverb.temporal
00049758-r,now,goods now on sale,adverb.temporal
00049758-r,now,they are now abroad,adverb.temporal
00049758-r,now,it could happen any time now,adverb.temporal
00049971-r,now,President Kennedy now calls in the National Guard,adverb.temporal
00049971-r,now,Washington now decides to cross the Delaware,adverb.temporal
00049971-r,now,the ship is now listing to port,adverb.temporal
00050223-r,now,told me just now,adverb.temporal
00050485-r,sharply,she was being sharply questioned,adverb.manner
00050613-r,shrilly,she sang rather shrilly,adverb.manner
00050724-r,steadily,his interest eroded steadily,adverb.manner
00050835-r,happily,they shouted happily,adverb.manner
00051094-r,unhappily,they were unhappily married,adverb.manner
00051219-r,no,he was no heavier than a child,adverb.degree
00051355-r,firmly,we firmly believed it,adverb.degree
00051355-r,firm,you must stand firm,adverb.manner
00051555-r,straightforwardly,dealt straightforwardly with all issues,adverb.manner
00051806-r,squarely,hit the ball squarely,adverb.manner
00051806-r,squarely,the bat met the ball squarely,adverb.manner
00051806-r,square,planted his great bulk square before his enemy,adverb.manner
00051978-r,squarely,a squarely cut piece of paper,adverb.manner
00051978-r,square,folded the sheet of paper square,adverb.manner
00052128-r,squarely,to face a problem squarely,adverb.manner
00052128-r,squarely,the responsibility lies squarely with them,adverb.degree
00052128-r,forthright,spoke forthright (or forthrightly) and to the point,adverb.manner
00052386-r,directly,the path leads directly to the lake,adverb.manner
00052386-r,direct,went direct to the office,adverb.manner
00052564-r,squarely,looked him squarely in the eye,adverb.manner
00052564-r,square,ran square into me,adverb.manner
00052690-r,due,went due North,adverb.degree
00052769-r,variously,the alternatives that are variously represented by the participants,adverb.manner
00052769-r,diversely,the speakers treated the subject most diversely,adverb.manner
00053027-r,indefatigably,she watched the show indefatigably,adverb.manner
00053197-r,biradially,biradially symmetrical,adverb.manner
00053300-r,bitterly,she complained bitterly,adverb.manner
00053420-r,bitterly,he was bitterly disappointed,adverb.degree
00053812-r,swiftly,she moved swiftly,adverb.manner
00053932-r,openly,he openly flaunted his affection for his sister,adverb.manner
00054050-r,practically,practically orientated institutions such as business schools,adverb.manner
00054050-r,practically,a brilliant man but so practically inept that he needed help to cross the road safely,adverb.domain
00054282-r,practically,practically the first thing I saw when I got off the train,adverb.degree
00054282-r,practically,he was practically the only guest at the party,adverb.degree
00054282-r,practically,there was practically no garden at all,adverb.degree
00054622-r,pyramidically,the bush was trimmed pyramidically,adverb.manner
00054750-r,next,next the doctor examined his back,adverb.temporal
00054973-r,easily,easily the best book she's written,adverb.degree
00055488-r,terribly,terribly interesting,adverb.degree
00055488-r,awful,I'm awful sorry,adverb.degree
00055639-r,terribly,she sings terribly,adverb.manner
00055850-r,tolerably,she plays tennis tolerably,adverb.degree
00056056-r,unacceptably,The percentage of lead in our drinking water is unacceptably high,adverb.degree
00056277-r,abusively,he behaved abusively toward his children,adverb.manner
00056397-r,admiringly,he looked at his wife admiringly,adverb.manner
00056487-r,adoringly,he looked at his wife adoringly,adverb.manner
00056592-r,adroitly,he handled the situation adroitly,adverb.manner
00056738-r,maladroitly,he dealt with the situation maladroitly,adverb.manner
00056878-r,dreadfully,there was a dreadfully bloody accident on the road this morning,adverb.degree
00057077-r,greatly,he improved greatly,adverb.degree
00057795-r,thoroughly,we searched the files thoroughly,adverb.manner
00057926-r,soundly,he was soundly defeated,adverb.degree
00057926-r,good,we beat him good,adverb.degree
00058164-r,through,got soaked through in the rain,adverb.degree
00058164-r,through,I'm frozen through,adverb.degree
00058164-r,through,a letter shot through with the writer's personality,adverb.spatial
00058164-r,through,knew him through and through,adverb.degree
00058164-r,through,boards rotten through and through,adverb.degree
00058430-r,soundly,slept soundly through the storm,adverb.manner
00058430-r,soundly,the baby is sleeping soundly,adverb.manner
00058571-r,flop,he fell flop on his face,adverb.manner
00058666-r,directly,he didn't answer directly,adverb.manner
00058666-r,straight,told me straight out,adverb.manner
00058666-r,flat,came out flat for less work and more pay,adverb.manner
00058897-r,indirectly,he answered very indirectly,adverb.manner
00059287-r,man-to-man,we must talk man-to-man,adverb.manner
00059361-r,secondhand,I heard about it only secondhand or thirdhand,adverb.manner
00059361-r,secondhand,he prefers to buy secondhand,adverb.manner
00059516-r,thirdhand,I got the news thirdhand,adverb.manner
00059624-r,much,she's much better now,adverb.degree
00059951-r,much,I don't drink much,adverb.degree
00059951-r,much,I don't travel much,adverb.degree
00060145-r,better,She had never sung better,adverb.manner
00060145-r,better,a deed better left undone,adverb.speaker_oriented
00060145-r,better,better suited to the job,adverb.degree
00060392-r,increasingly,she became increasingly depressed,adverb.degree
00060570-r,effectively,she is effectively his wife,adverb.degree
00061170-r,previously,she had previously lived in Chicago,adverb.temporal
00061170-r,previously,he was previously president of a bank,adverb.temporal
00061170-r,previously,better than anything previously proposed,adverb.temporal
00061170-r,previously,a previously unquestioned attitude,adverb.temporal
00061170-r,antecedently,antecedently arranged,adverb.temporal
00061477-r,before,I had known her before,adverb.temporal
00061477-r,before,as I said before,adverb.temporal
00061477-r,earlier,he called me the day before but your call had come even earlier,adverb.temporal
00061477-r,before,he called me the day before but your call had come even earlier,adverb.temporal
00061477-r,earlier,her parents had died four years earlier,adverb.temporal
00061477-r,earlier,I mentioned that problem earlier,adverb.temporal
00061741-r,subsequently,he apologized subsequently,adverb.temporal
00061741-r,later,he's going to the store but he'll be back here later,adverb.temporal
00061741-r,afterward,it didn't happen until afterward,adverb.temporal
00061741-r,after,two hours after that,adverb.temporal
00062868-r,intentionally,he used that word intentionally,adverb.manner
00063188-r,unintentionally,she hit him unintentionally,adverb.subject_oriented
00063395-r,accordingly,continued to have severe headaches and accordingly returned to the doctor,adverb.conjunctive
00063627-r,accordingly,she acted accordingly,adverb.manner
00063710-r,instead,Felix became a herpetologist instead,adverb.conjunctive
00063710-r,alternatively,alternatively we could buy a used car,adverb.conjunctive
00064168-r,altogether,altogether he earns close to a million dollars,adverb.focus
00064621-r,anatomically,anatomically correct,adverb.domain
00064727-r,blindly,they bought the car blindly,adverb.manner
00064727-r,blindly,he picked a wife blindly,adverb.manner
00064899-r,chromatically,chromatically pure,adverb.domain
00065002-r,chronologically,he is chronologically older,adverb.domain
00065121-r,clinically,she is clinically qualified,adverb.domain
00065229-r,mathematically,mathematically impossible,adverb.domain
00065346-r,meanwhile,meanwhile I will not think about the problem,adverb.temporal
00065346-r,meantime,meantime he was attentive to his other interests,adverb.temporal
00065346-r,meantime,in the meantime the police were notified,adverb.temporal
00065694-r,twice,I called her twice,adverb.frequency
00065759-r,largely,the sketch was so largely drawn that you could see it from the back row,adverb.manner
00065975-r,lengthily,the argument went on lengthily,adverb.temporal
00066148-r,last,I saw him last in London,adverb.temporal
00066590-r,absently,he read the letter absently,adverb.manner
00066818-r,accusingly,he looked at her accusingly,adverb.manner
00067005-r,poignantly,she spoke poignantly,adverb.manner
00067181-r,ahead,I see the lights of a town ahead,adverb.spatial
00067181-r,ahead,the road ahead is foggy,adverb.spatial
00067181-r,ahead,staring straight ahead,adverb.spatial
00067181-r,before,with the cross of Jesus marching on before,adverb.spatial
00067445-r,ahead,when you pay ahead (or in advance) you receive a discount,adverb.temporal
00067445-r,ahead,We like to plan ahead,adverb.temporal
00067445-r,beforehand,should have made reservations beforehand,adverb.temporal
00067665-r,ahead,go ahead,adverb.spatial
00067665-r,ahead,the train moved ahead slowly,adverb.spatial
00067665-r,ahead,the boat lurched ahead,adverb.spatial
00067665-r,onward,moved onward into the forest,adverb.spatial
00067665-r,forward,they went slowly forward in the mud,adverb.spatial
00067913-r,ahead,the horse was three lengths ahead going into the home stretch,adverb.spatial
00067913-r,ahead,ahead by two pawns,adverb.spatial
00068223-r,ahead,moved the appointment ahead from Tuesday to Monday,adverb.temporal
00068223-r,ahead,pushed the deadline ahead from Tuesday to Wednesday,adverb.temporal
00068470-r,ahead,a young man sure to get ahead,adverb.spatial
00068470-r,ahead,pushing talented students ahead,adverb.spatial
00068768-r,along,we drove along admiring the view,adverb.spatial
00068768-r,along,the horse trotted along at a steady pace,adverb.spatial
00068768-r,on,the circus traveled on to the next city,adverb.spatial
00068768-r,along,move along,adverb.spatial
00068768-r,on,march on,adverb.temporal
00068977-r,along,his little sister came along to the movies,adverb.focus
00068977-r,along,I brought my camera along,adverb.spatial
00068977-r,along,working along with his father,adverb.manner
00069153-r,along,we sent them food and some clothing went along in the package,adverb.focus
00069153-r,along,along with the package came a bill,adverb.manner
00069153-r,along,consider the advantages along with the disadvantages,adverb.focus
00069386-r,along,the work is moving along,adverb.spatial
00069386-r,along,well along in their research,adverb.degree
00069386-r,along,hurrying their education along,adverb.spatial
00069386-r,along,getting along in years,adverb.temporal
00069564-r,along,pass the word along,adverb.spatial
00069564-r,along,ran along beside me,adverb.spatial
00069564-r,along,cottages along by the river,adverb.spatial
00069746-r,on,his spirit lives on,adverb.temporal
00069872-r,on,turn the lights on,adverb.spatial
00069872-r,on,get a load on,adverb.spatial
00070003-r,alike,they walk alike,adverb.manner
00070072-r,alike,parents and teachers alike demanded reforms,adverb.focus
00070171-r,aloud,please read the passage aloud,adverb.manner
00070301-r,loudly,the band played loudly,adverb.manner
00070301-r,loudly,she spoke loudly and angrily,adverb.manner
00070301-r,loud,he spoke loud enough for those at the back of the room to hear him,adverb.manner
00070301-r,aloud,cried aloud for help,adverb.manner
00070566-r,softly,speak softly but carry a big stick,adverb.manner
00070566-r,quietly,she spoke quietly to the child,adverb.manner
00070566-r,softly,the radio was playing softly,adverb.manner
00070766-r,faintly,between him and the dim light a form was outlined faintly,adverb.manner
00070766-r,faintly,stars shining faintly through the overcast,adverb.manner
00070766-r,faintly,could hear his distant shouts only faintly,adverb.degree
00070766-r,faintly,the rumors weren't even faintly true,adverb.degree
00071165-r,randomly,the houses were randomly scattered,adverb.manner
00071450-r,around,the trunk is ten feet around,adverb.spatial
00071450-r,around,the pond is two miles around,adverb.spatial
00071565-r,about,a few spectators standing about,adverb.spatial
00071565-r,around,hanging around,adverb.spatial
00071565-r,around,waited around for the next flight,adverb.spatial
00071721-r,nearby,she works nearby,adverb.spatial
00071721-r,nearby,the planets orbiting nearby are Venus and Mars,adverb.spatial
00071856-r,round,It rains all year round on Skye,adverb.temporal
00071856-r,around,frigid weather the year around,adverb.temporal
00072001-r,around,He came all the way around the base,adverb.spatial
00072001-r,around,the road goes around the pond,adverb.spatial
00072141-r,around,The wheels are spinning around,adverb.manner
00072240-r,around,dirty clothes lying around (or about),adverb.spatial
00072240-r,about,let's look about for help,adverb.spatial
00072240-r,around,There were trees growing all around,adverb.spatial
00072240-r,around,she looked around her,adverb.spatial
00072443-r,around,she came around to see me,adverb.spatial
00072443-r,around,I invited them around for supper,adverb.spatial
00072601-r,about,about face,adverb.spatial
00072601-r,around,suddenly she turned around,adverb.spatial
00072729-r,about,wandering about with no place to go,adverb.spatial
00072729-r,about,people were rushing about,adverb.spatial
00072729-r,around,news gets around (or about),adverb.spatial
00072729-r,around,traveled around in Asia,adverb.spatial
00072729-r,around,he needs advice from someone who's been around,adverb.spatial
00072729-r,around,she sleeps around,adverb.manner
00073249-r,urgently,health care reform is needed urgently,adverb.manner
00073249-r,desperately,the soil desperately needed potash,adverb.degree
00073433-r,about,the job is (just) about done,adverb.degree
00073433-r,almost,the baby was almost asleep when the alarm sounded,adverb.degree
00073433-r,almost,we're almost finished,adverb.degree
00073433-r,nearly,he nearly fainted,adverb.degree
00073433-r,nigh,talked for nigh onto 2 hours,adverb.degree
00073433-r,well-nigh,the recording is well-nigh perfect,adverb.degree
00073433-r,virtually,virtually all the parties signed the contract,adverb.degree
00073433-r,near,I was near exhausted by the run,adverb.degree
00073433-r,most,most everyone agrees,adverb.degree
00073946-r,asexually,plants that reproduce asexually,adverb.manner
00074057-r,asymptotically,it grew asymptotically,adverb.manner
00074163-r,mainly,he is mainly interested in butterflies,adverb.focus
00074361-r,ago,long ago,adverb.temporal
00074361-r,ago,sixty years ago my grandfather came to the U.S.,adverb.temporal
00074467-r,back,set the clocks back an hour,adverb.spatial
00074467-r,back,never look back,adverb.spatial
00074467-r,backward,lovers of the past looking fondly backward,adverb.spatial
00074673-r,back,he moved back,adverb.spatial
00074673-r,backward,tripped when he stepped backward,adverb.spatial
00074673-r,rearward,she looked rearward out the window of the car,adverb.spatial
00074907-r,forward,he faced forward,adverb.spatial
00074907-r,forward,step forward,adverb.spatial
00074907-r,frontward,she practiced sewing backward as well as frontward on her new sewing machine,adverb.spatial
00075230-r,back,we paid back everything we had borrowed,adverb.spatial
00075230-r,back,he hit me and I hit him back,adverb.manner
00075230-r,back,I was kept in after school for talking back to the teacher,adverb.manner
00075427-r,back,she went back to her parents' house,adverb.spatial
00075535-r,back,he went back to sleep,adverb.temporal
00075633-r,back,he wrote back three days later,adverb.spatial
00075708-r,ahead,I like to look ahead in imagination to what the future may bring,adverb.temporal
00075708-r,forward,I look forward to seeing you,adverb.temporal
00075922-r,aback,taken aback by the caustic remarks,adverb.spatial
00076005-r,aback,the ship came up into the wind with all yards aback,adverb.manner
00076232-r,backward,it's easy to get the ‘i’ and the ‘e’ backward in words like ‘seize’ and ‘siege’,adverb.spatial
00076232-r,backward,the child put her jersey on backward,adverb.spatial
00076947-r,aurally,the new musical was visually and aurally appealing,adverb.manner
00077086-r,axially,the jet was directed axially toward the cathode,adverb.manner
00077214-r,brazenly,he spoke brazenly,adverb.manner
00077308-r,brilliantly,he solved the problem brilliantly,adverb.manner
00077434-r,brilliantly,the stars shone brilliantly,adverb.manner
00077434-r,bright,the windows glowed jewel bright,adverb.manner
00077611-r,catalytically,catalytically stabilized combustion of propane,adverb.manner
00077763-r,commercially,the product is commercially available,adverb.domain
00077885-r,dearly,he paid dearly for the food,adverb.degree
00077885-r,dear,this cost him dear,adverb.degree
00078013-r,dearly,she loved him dearly,adverb.degree
00078013-r,affectionately,he treats her affectionately,adverb.manner
00078178-r,dearly,I would dearly love to know,adverb.degree
00078453-r,cosmetically,it is used cosmetically by many women,adverb.manner
00078596-r,decoratively,used decoratively at Christmas,adverb.manner
00078711-r,covertly,he did it covertly,adverb.manner
00078824-r,overtly,he did it overtly,adverb.manner
00078935-r,microscopically,the blood was examined microscopically,adverb.manner
00078935-r,microscopically,the seeds were microscopically small,adverb.degree
00079171-r,microscopically,every manuscript was edited microscopically,adverb.manner
00079373-r,undoubtedly,it's undoubtedly very beautiful,adverb.speaker_oriented
00079498-r,statistically,this is statistically impossible,adverb.domain
00079620-r,thermodynamically,this phenomenon is thermodynamically impossible,adverb.domain
00079765-r,tonight,drop by tonight,adverb.temporal
00079883-r,actively,he participated actively in the war,adverb.manner
00080014-r,passively,he listened passively,adverb.manner
00080132-r,below,see below,adverb.spatial
00080132-r,infra,vide infra,adverb.spatial
00080266-r,above,see above,adverb.spatial
00080884-r,contemptuously,she spoke of him contemptuously,adverb.manner
00081118-r,contractually,they were contractually responsible,adverb.domain
00081240-r,insanely,she behaved insanely,adverb.manner
00081240-r,crazily,he behaves crazily when he is off his medication,adverb.manner
00081240-r,madly,the witch cackled madly,adverb.manner
00081240-r,dementedly,screaming dementedly,adverb.manner
00081544-r,sanely,she is behaving rather sanely these days even though we know she is schizophrenic,adverb.manner
00081725-r,comically,the tone was comically desperate,adverb.degree
00081836-r,daily,he stops by daily,adverb.frequency
00081941-r,weekly,she visited her aunt weekly,adverb.frequency
00082087-r,annually,they travel to China annually,adverb.frequency
00082231-r,curiously,the baby looked around curiously,adverb.manner
00082498-r,deceptively,the exam looked deceptively easy,adverb.manner
00082658-r,yonder,the house yonder,adverb.spatial
00083273-r,dizzily,he walked around dizzily,adverb.manner
00083518-r,dorsoventrally,the ray has a dorsoventrally flattened body,adverb.manner
00083743-r,doubly,she was doubly rewarded,adverb.degree
00083743-r,double,his eyes were double bright,adverb.degree
00083891-r,singly,they were arranged singly,adverb.manner
00084016-r,multiply,they were multiply checked for errors,adverb.frequency
00084167-r,multiplicatively,the errors increased multiplicatively,adverb.manner
00084297-r,doubly,he was doubly wrong,adverb.degree
00084388-r,empirically,this can be empirically tested,adverb.manner
00084573-r,particularly,he was particularly fussy about spelling,adverb.focus
00084573-r,particularly,a particularly gruesome attack,adverb.degree
00084573-r,peculiarly,under peculiarly tragic circumstances,adverb.degree
00084573-r,especially,an especially (or specially) cautious approach to the danger,adverb.degree
00085109-r,extra,an extra fast car,adverb.degree
00085190-r,elaborately,it was elaborately spelled out,adverb.manner
00085352-r,elsewhere,he went elsewhere,adverb.spatial
00085352-r,elsewhere,look elsewhere for the answer,adverb.spatial
00085466-r,eschatologically,even atheists can be eschatologically minded,adverb.domain
00085689-r,experimentally,this can be experimentally determined,adverb.manner
00085862-r,expressly,she needs the money expressly for her patients,adverb.focus
00086017-r,facetiously,I meant it facetiously,adverb.manner
00086161-r,quickly,he works quickly,adverb.manner
00086488-r,fast,how fast can he get here?,adverb.manner
00086488-r,fast,ran as fast as he could,adverb.manner
00086488-r,fast,needs medical help fast,adverb.temporal
00086892-r,fast,held fast to the rope,adverb.manner
00086892-r,fast,her foot was stuck fast,adverb.degree
00086892-r,tight,held tight,adverb.manner
00087525-r,impermissibly,the radon level in the basement was impermissibly high,adverb.degree
00087676-r,flatly,he flatly denied the charges,adverb.manner
00087855-r,flush,hit him flush in the face,adverb.manner
00087937-r,flush,set it flush with the top of the table,adverb.spatial
00088030-r,forever,no one can live forever,adverb.temporal
00088404-r,permanently,he is permanently disabled,adverb.temporal
00088791-r,temporarily,he will work here temporarily,adverb.temporal
00088791-r,temporarily,he was brought out of retirement temporarily,adverb.temporal
00088791-r,temporarily,a power failure temporarily darkened the town,adverb.temporal
00089265-r,provisionally,they have agreed provisionally,adverb.temporal
00089265-r,provisionally,was appointed provisionally,adverb.temporal
00089419-r,continually,complained continually that there wasn't enough money,adverb.frequency
00089564-r,forever,she took forever to write the paper,adverb.temporal
00089564-r,forever,we had to wait forever and a day,adverb.temporal
00089755-r,highly,details known by only a few highly placed persons,adverb.degree
00089896-r,highly,highly successful,adverb.degree
00089896-r,highly,He spoke highly of her,adverb.manner
00089896-r,highly,does not think highly of his writing,adverb.degree
00089896-r,extremely,extremely interesting,adverb.degree
00090131-r,highly,highly paid workers,adverb.degree
00090211-r,histologically,histologically identifiable structures,adverb.domain
00090371-r,magnetically,he was magnetically attracted to her,adverb.manner
00090488-r,marginally,marginally interesting,adverb.degree
00090591-r,geometrically,it grew geometrically,adverb.manner
00090716-r,dangerously,he came dangerously close to falling off the ledge,adverb.degree
00090912-r,tiredly,he walked around tiredly,adverb.manner
00091039-r,vitally,this is vitally important,adverb.degree
00091221-r,strenuously,he objected strenuously to the stand his party was taking,adverb.manner
00091385-r,intently,listened intently,adverb.manner
00091385-r,intently,stood watching intently,adverb.manner
00091520-r,dingdong,They fell to work dingdong,adverb.manner
00091627-r,mightily,he strove mightily to achieve a better position in life,adverb.manner
00091820-r,hard,the team played hard,adverb.manner
00091820-r,hard,worked hard all day,adverb.manner
00091820-r,hard,pressed hard on the lever,adverb.manner
00091820-r,hard,hit the ball hard,adverb.manner
00091820-r,hard,slammed the door hard,adverb.manner
00092022-r,hard,hard alee,adverb.degree
00092022-r,hard,the ship went hard astern,adverb.degree
00092022-r,hard,swung the wheel hard left,adverb.degree
00092166-r,hard,prejudices die hard,adverb.manner
00092166-r,hardly,he was so dizzy he could hardly stand up straight,adverb.degree
00092328-r,hard,industries hit hard by the depression,adverb.degree
00092328-r,severely,she was severely affected by the bank's failure,adverb.degree
00092514-r,hard,held hard to the railing,adverb.manner
00092597-r,hard,thought hard about it,adverb.manner
00092597-r,hard,stared hard at the accused,adverb.manner
00092706-r,hard,he took the rejection very hard,adverb.manner
00092809-r,hard,it stands hard by the railroad tracks,adverb.degree
00092809-r,hard,they were hard on his heels,adverb.degree
00092809-r,hard,a strike followed hard upon the plant's opening,adverb.temporal
00093000-r,hard,concrete that sets hard within a few hours,adverb.manner
00093119-r,tightly,the window was tightly sealed,adverb.degree
00093364-r,momentarily,we paused momentarily before proceeding,adverb.temporal
00093364-r,momently,a cardinal perched momently on the dogwood branch,adverb.temporal
00093535-r,conclusively,we settled the problem conclusively,adverb.manner
00093689-r,inconclusively,the meeting ended inconclusively,adverb.manner
00093820-r,sadly,he was sadly neglected,adverb.degree
00093820-r,woefully,it was woefully inadequate,adverb.degree
00094039-r,denominationally,denominationally diverse audiences,adverb.domain
00094168-r,cortically,cortically induced arousal,adverb.spatial
00094281-r,focally,the submucosa was focally infiltrated,adverb.manner
00094393-r,hypothalamically,hypothalamically controlled secretions,adverb.manner
00094603-r,intramuscularly,administer the drug intramuscularly,adverb.manner
00094727-r,amusingly,Hollywood has grown too sophisticated to turn out anything really amusingly bad these days,adverb.manner
00094946-r,downstairs,the tenants live downstairs,adverb.spatial
00095095-r,upstairs,they lived upstairs,adverb.spatial
00095225-r,upstairs,she's a bit weak upstairs,adverb.spatial
00095315-r,downwind,they flew downwind,adverb.spatial
00095443-r,upwind,they flew upwind,adverb.spatial
00095613-r,windward,they were sailing windward,adverb.spatial
00095742-r,leeward,they were sailing leeward,adverb.spatial
00095870-r,down,don't fall down,adverb.spatial
00095870-r,down,rode the lift up and skied down,adverb.spatial
00095870-r,downward,prices plunged downward,adverb.spatial
00096162-r,down,was sent down to work at the regional office,adverb.spatial
00096162-r,down,worked down on the farm,adverb.spatial
00096162-r,down,came down for the wedding,adverb.spatial
00096162-r,down,flew down to Florida,adverb.spatial
00096391-r,down,put ten dollars down on the necklace,adverb.spatial
00096496-r,down,the factory went down during the strike,adverb.spatial
00096496-r,down,the computer went down again,adverb.spatial
00096639-r,down,he slowly phased down the light until the stage was completely black,adverb.degree
00096782-r,down,the story was passed down from father to son,adverb.spatial
00096883-r,up,the music surged up,adverb.spatial
00096883-r,upwards,the fragments flew upwards,adverb.spatial
00096883-r,upwards,prices soared upwards,adverb.spatial
00096883-r,upwardly,upwardly mobile,adverb.spatial
00097186-r,up,they moved the meeting date up,adverb.temporal
00097186-r,upward,from childhood upward,adverb.temporal
00097310-r,up,was transferred up to headquarters,adverb.spatial
00097310-r,up,up to Canada for a vacation,adverb.spatial
00097471-r,up,he walked up and grabbed my lapels,adverb.spatial
00097561-r,up,he turned up the volume,adverb.degree
00097908-r,downfield,he caught the ball and ran downfield 15 yards,adverb.spatial
00098072-r,outright,he is outright dishonest,adverb.degree
00098170-r,outright,she asked him outright for a divorce,adverb.manner
00098281-r,outright,buy outright,adverb.manner
00098390-r,home,He stays home on weekends,adverb.spatial
00098390-r,home,after the game the children brought friends home for supper,adverb.spatial
00098390-r,home,I'll be home tomorrow,adverb.spatial
00098390-r,home,came riding home in style,adverb.spatial
00098390-r,home,I hope you will come home for Christmas,adverb.spatial
00098390-r,home,I'll take her home,adverb.spatial
00098390-r,home,don't forget to write home,adverb.spatial
00098930-r,home,drove the nail home,adverb.degree
00098930-r,home,drove his point home,adverb.spatial
00098930-r,home,his comments hit home,adverb.manner
00099070-r,home,the arrow struck home,adverb.spatial
00099155-r,homeward,fought his way homeward through the deep snow,adverb.spatial
00099264-r,rather,"rather than disappoint the children, he did two quick tricks before he left",adverb.conjunctive
00099264-r,rather,"he didn't call; rather (or instead), he wrote her a letter",adverb.conjunctive
00099264-r,instead,used English terms instead of Latin ones,adverb.conjunctive
00099509-r,insofar,"insofar as it can be ascertained, the horse lung is comparable to that of man",adverb.speaker_oriented
00099778-r,mordaciously,she taunted him mordaciously,adverb.manner
00099891-r,more,more interesting,adverb.degree
00099891-r,more,more beautiful,adverb.degree
00099891-r,more,more quickly,adverb.degree
00100077-r,less,less interesting,adverb.degree
00100077-r,less,less expensive,adverb.degree
00100077-r,less,less quickly,adverb.degree
00100262-r,more,he works more now,adverb.degree
00100262-r,more,they eat more than they should,adverb.degree
00100418-r,less,she walks less than she should,adverb.degree
00100418-r,less,he works less these days,adverb.degree
00100552-r,little,he talked little about his family,adverb.degree
00100632-r,early,she graduated early,adverb.temporal
00100817-r,late,the train arrived late,adverb.temporal
00100817-r,late,we awoke late,adverb.temporal
00100817-r,late,the children came late to school,adverb.temporal
00100817-r,tardily,notice came so tardily that we almost missed the deadline,adverb.temporal
00100817-r,belatedly,I belatedly wished her a happy birthday,adverb.temporal
00101142-r,betimes,he awoke betimes that morning,adverb.temporal
00101231-r,early,early on in her career,adverb.temporal
00101433-r,afar,we traveled afar,adverb.spatial
00101433-r,afar,we could see the ship afar off,adverb.spatial
00101433-r,afar,the Magi came from afar,adverb.spatial
00101601-r,far,he traveled far,adverb.degree
00101601-r,far,strayed far from home,adverb.degree
00101601-r,far,sat far away from each other,adverb.degree
00101751-r,far,if we could see far into the future,adverb.degree
00101751-r,far,all that happened far in the past,adverb.degree
00101873-r,far,a far far better thing that I do,adverb.degree
00101873-r,far,felt far worse than yesterday,adverb.degree
00101873-r,far,eyes far too close together,adverb.degree
00102040-r,far,I can only go so far before I have to give up,adverb.degree
00102040-r,far,how far can we get with this kind of argument?,adverb.degree
00102205-r,far,a young man who will go very far,adverb.degree
00102302-r,way,way over budget,adverb.degree
00102302-r,way,way off base,adverb.degree
00103013-r,finely,finely shaped features,adverb.manner
00103013-r,fine,her fine drawn body,adverb.manner
00103187-r,finely,finely costumed actors,adverb.manner
00103286-r,first,first we must consider the garter snake,adverb.temporal
00103536-r,third,third we must consider unemployment,adverb.speaker_oriented
00103637-r,end-to-end,the play was excellent end-to-end,adverb.temporal
00104262-r,first,when Felix first saw a garter snake,adverb.temporal
00104448-r,forth,came forth from the crowd,adverb.spatial
00104448-r,forth,put my ideas forth,adverb.spatial
00104546-r,forth,from that time forth,adverb.temporal
00104546-r,onward,from the sixth century onward,adverb.temporal
00104690-r,abroad,they had never travelled abroad,adverb.spatial
00105677-r,leisurely,he traveled leisurely,adverb.manner
00105849-r,right,she called right after dinner,adverb.degree
00106028-r,promptly,he did his homework promptly,adverb.manner
00106154-r,promptly,he promptly forgot the address,adverb.temporal
00106290-r,promptly,the rescue squad arrived promptly,adverb.temporal
00106857-r,furtively,the soldiers were furtively crawling through the night,adverb.manner
00107003-r,unanimously,the Senate unanimously approved the bill,adverb.manner
00107003-r,unanimously,we voted unanimously,adverb.manner
00107190-r,responsibly,we must act responsibly,adverb.manner
00107316-r,irresponsibly,he acted irresponsibly,adverb.manner
00107446-r,fairly,deal fairly with one another,adverb.manner
00107608-r,usually,usually she was late,adverb.frequency
00107917-r,unusually,she was unusually tall,adverb.degree
00108184-r,recently,he was in Paris recently,adverb.temporal
00108184-r,lately,lately the rules have been enforced,adverb.temporal
00108184-r,late,as late as yesterday she was fine,adverb.temporal
00108184-r,late,feeling better of late,adverb.temporal
00108184-r,latterly,"the spelling was first affected, but latterly the meaning also",adverb.temporal
00108490-r,erratically,economic changes are proceeding erratically,adverb.manner
00108663-r,girlishly,she was girlishly shy,adverb.manner
00108755-r,gradually,the snake moved gradually toward its victim,adverb.manner
00108905-r,grimly,he was grimly satisfied,adverb.manner
00109012-r,hell-for-leather,they were travelling hell-for-leather,adverb.manner
00109134-r,hereabouts,the people are friendly hereabouts,adverb.spatial
00109247-r,here,I work here,adverb.spatial
00109247-r,here,turn here,adverb.spatial
00109247-r,here,radio waves received here on Earth,adverb.spatial
00109541-r,here,here I must disagree,adverb.spatial
00109681-r,herein,I shall discuss the question herein,adverb.spatial
00109789-r,here,we'll adjourn here for lunch and discuss the remaining issues this afternoon,adverb.spatial
00109919-r,there,they have lived there for years,adverb.spatial
00109919-r,there,it's not there,adverb.spatial
00109919-r,there,that man there,adverb.spatial
00110073-r,there,go there around noon!,adverb.spatial
00110206-r,there,I agree with you there,adverb.domain
00110312-r,historically,this is historically interesting,adverb.domain
00110430-r,historically,historically they have never coexisted peacefully,adverb.domain
00110560-r,peacefully,the hen settled herself on the nest most peacefully,adverb.manner
00110692-r,scientifically,this is scientifically interesting,adverb.domain
00110835-r,unscientifically,they proceeded unscientifically when they dissected the mummy,adverb.manner
00111029-r,humbly,he humbly lowered his head,adverb.manner
00111157-r,meekly,meekly bowed to his wishes,adverb.manner
00111276-r,inside,in winter we play inside,adverb.spatial
00111402-r,outside,in summer we play outside,adverb.spatial
00111759-r,militarily,on a militarily significant scale,adverb.domain
00111881-r,macroscopically,The tubes were examined macroscopically,adverb.manner
00112012-r,literally,our eyes were literally pinned to TV during the Gulf War,adverb.domain
00112194-r,virtually,the strike virtually paralyzed the city,adverb.degree
00112194-r,virtually,I'm virtually broke,adverb.degree
00112352-r,most,the king cobra is the most dangerous snake,adverb.degree
00112501-r,least,The garter snake is the least dangerous snake,adverb.degree
00112833-r,mutely,he sat mutely next to her,adverb.manner
00113022-r,internationally,She is internationally known,adverb.spatial
00113022-r,globally,this is globally significant,adverb.domain
00113314-r,necessarily,it is necessarily so,adverb.speaker_oriented
00113314-r,needs,we must needs be objective,adverb.speaker_oriented
00113522-r,newly,they are newly married,adverb.temporal
00113522-r,newly,newly raised objections,adverb.temporal
00113522-r,newly,a newly arranged hairdo,adverb.temporal
00113522-r,new,grass new washed by the rain,adverb.temporal
00113522-r,freshly,a freshly cleaned floor,adverb.temporal
00113522-r,fresh,we are fresh out of tomatoes,adverb.temporal
00113764-r,afresh,start afresh,adverb.manner
00113764-r,anew,wanted to write the story anew,adverb.manner
00113764-r,anew,starting life anew in a fresh place,adverb.manner
00114003-r,differently,very soon you will know differently,adverb.manner
00114003-r,otherwise,she thought otherwise,adverb.manner
00114218-r,organically,organically bound iodine,adverb.manner
00114348-r,inorganically,inorganically bound molecules,adverb.manner
00114489-r,organically,the drapery served organically to cover the Madonna,adverb.manner
00114629-r,organically,this food is grown organically,adverb.manner
00114811-r,mechanically,he smiled mechanically,adverb.manner
00114936-r,mechanically,this door opens mechanically,adverb.manner
00115099-r,metabolically,metabolically important substances,adverb.domain
00115217-r,officially,officially responsible,adverb.domain
00115516-r,painfully,his ignorance was painfully obvious,adverb.degree
00115657-r,centrally,The theater is centrally located,adverb.spatial
00116024-r,phylogenetically,a phylogenetically primitive part of the brain,adverb.domain
00116161-r,physically,it is physically impossible,adverb.domain
00116277-r,physiologically,physiologically ready,adverb.domain
00116277-r,physiologically,physiologically addicted,adverb.domain
00116461-r,preferably,"clean it well, preferably with warm water",adverb.speaker_oriented
00116461-r,rather,I'd rather be in Philadelphia,adverb.speaker_oriented
00116461-r,sooner,I'd sooner die than give up,adverb.temporal
00116652-r,politically,politically organized units,adverb.domain
00116766-r,politically,politically correct clothing,adverb.domain
00117187-r,symbolically,symbolically accepted goals,adverb.manner
00117297-r,toe-to-toe,they fought toe-to-toe for the nomination,adverb.manner
00117417-r,together,we graduated together,adverb.manner
00117495-r,together,we worked together on the project,adverb.manner
00117698-r,together,the leaves stuck together,adverb.manner
00117901-r,together,we were gathered together,adverb.spatial
00117989-r,collectively,our salaries collectively couldn't pay for the damage,adverb.manner
00118279-r,atrociously,atrociously expensive,adverb.degree
00118415-r,outrageously,he behaved outrageously,adverb.manner
00118527-r,then,then he left,adverb.temporal
00118527-r,then,"go left first, then right",adverb.temporal
00118527-r,then,"first came lightning, then thunder",adverb.temporal
00118527-r,then,we watched the late movie and then went to bed,adverb.temporal
00118527-r,so,and so home and to bed,adverb.temporal
00118799-r,then,I was young then,adverb.temporal
00118799-r,then,prices were lower back then,adverb.temporal
00118799-r,then,science as it was then taught,adverb.temporal
00118928-r,then,"if he didn't take it, then who did?",adverb.conjunctive
00118928-r,then,keep it then if you want to,adverb.conjunctive
00118928-r,then,then you'll be rich,adverb.temporal
00119149-r,volumetrically,analyzed volumetrically,adverb.manner
00119259-r,so,he observed the snakes so he could describe their behavior,adverb.conjunctive
00119259-r,so,he stooped down so he could pick up his hat,adverb.conjunctive
00119427-r,regardless,he carried on regardless of the difficulties,adverb.conjunctive
00119765-r,once,once I ran into her,adverb.frequency
00119861-r,erstwhile,her erstwhile writing,adverb.temporal
00119861-r,once,she was a dancer once,adverb.temporal
00120034-r,though,"it might be unpleasant, though",adverb.conjunctive
00120824-r,successfully,she performed the surgery successfully,adverb.manner
00120979-r,simultaneously,they spoke simultaneously,adverb.temporal
00121107-r,concurrently,concurrently with the conference an exhibition of things associated with Rutherford was held,adverb.temporal
00121358-r,systematically,they systematically excluded women,adverb.manner
00121562-r,unsystematically,his books were lined up unsystematically on the shelf,adverb.manner
00121725-r,inconsistently,he acted inconsistently when he bought these stocks,adverb.manner
00121886-r,thereby,"He knocked over the red wine, thereby ruining the table cloth",adverb.conjunctive
00122019-r,so,hold the brush so,adverb.manner
00122019-r,thus,set up the pieces thus,adverb.manner
00122297-r,appositively,this adjective is used appositively,adverb.manner
00122434-r,astronomically,the bill was astronomically high,adverb.degree
00122541-r,axiomatically,this is axiomatically given,adverb.domain
00122654-r,photoelectrically,they measured it photoelectrically,adverb.manner
00122778-r,photographically,photographically recorded scenes,adverb.manner
00122898-r,photometrically,photometrically measured,adverb.manner
00123008-r,constitutionally,this was constitutionally ruled out,adverb.domain
00123157-r,unconstitutionally,the president acted unconstitutionally,adverb.manner
00123311-r,democratically,it was decided democratically,adverb.manner
00123311-r,democratically,democratically elected government,adverb.manner
00123700-r,aloof,the local gentry and professional classes had held aloof for the school had accepted their sons readily enough,adverb.spatial
00123884-r,digitally,the time was digitally displayed,adverb.manner
00123996-r,digitally,the exam was carried out digitally,adverb.manner
00124113-r,economically,economically this proposal makes no sense,adverb.domain
00124249-r,economically,economically the country is worse off,adverb.domain
00124466-r,electronically,the door opens electronically,adverb.manner
00124579-r,ethnically,the neighborhood is ethnically diverse,adverb.domain
00124703-r,federally,it's federally regulated,adverb.domain
00124808-r,genetically,genetically passed down talents,adverb.manner
00124922-r,graphically,he described the event graphically,adverb.manner
00125034-r,ideographically,it's written ideographically,adverb.manner
00125230-r,industrially,industrially produced,adverb.manner
00125495-r,legally,he acted legally,adverb.manner
00125586-r,manually,this car shifts manually,adverb.manner
00125676-r,medically,medically trained nurses,adverb.domain
00125676-r,medically,medically correct treatment,adverb.domain
00125896-r,nominally,nominally he is the boss,adverb.domain
00125992-r,predicatively,predicatively used adjectives,adverb.manner
00126122-r,professorially,she behaved very professorially,adverb.manner
00126242-r,provincially,provincially controlled,adverb.domain
00126365-r,realistically,the figure was realistically painted,adverb.manner
00126486-r,red-handed,he was caught red-handed,adverb.manner
00126647-r,reversibly,reversibly convertible,adverb.manner
00126869-r,royally,they were royally treated,adverb.manner
00127082-r,scenically,scenically stunning,adverb.domain
00127191-r,scholastically,scholastically apt,adverb.domain
00127311-r,serially,serially composed music,adverb.manner
00127411-r,socially,socially accepted norms,adverb.domain
00127522-r,socially,socially unpopular,adverb.domain
00127617-r,symbolically,symbolically expressed,adverb.manner
00127721-r,technically,a technically brilliant solution,adverb.domain
00127856-r,technically,technically lagging behind the Japanese,adverb.domain
00127856-r,technically,a technically brilliant boxer,adverb.domain
00128223-r,temporally,temporally processed,adverb.domain
00128333-r,terminally,terminally ill,adverb.degree
00128418-r,terrestrially,terrestrially adapted,adverb.domain
00128524-r,territorially,territorially important,adverb.domain
00128636-r,thematically,thematically related,adverb.domain
00129052-r,typically,Tom was typically hostile,adverb.subject_oriented
00129174-r,atypically,she was atypically quiet,adverb.degree
00129340-r,verbally,verbally expressive,adverb.manner
00129438-r,verbally,he had a habit of using nouns verbally,adverb.manner
00129544-r,vocally,she defended herself vocally,adverb.manner
00129647-r,nonverbally,they communicated nonverbally,adverb.manner
00129766-r,electrically,electrically controlled,adverb.manner
00129866-r,chemically,chemically different substances,adverb.domain
00129866-r,chemically,chemically related,adverb.domain
00130005-r,chemically,chemically fertilized,adverb.manner
00130101-r,legislatively,legislatively determined,adverb.manner
00130203-r,bilingually,she grew up bilingually,adverb.manner
00130309-r,linearly,linearly polarized radiation,adverb.manner
00130309-r,linearly,it grew linearly,adverb.manner
00130452-r,longitudinally,longitudinally measured,adverb.manner
00130565-r,magically,it disappeared magically,adverb.manner
00130685-r,bacterially,spreads bacterially,adverb.manner
00130777-r,relativistically,this is relativistically impossible,adverb.domain
00130906-r,racially,racially integrated,adverb.domain
00131004-r,municipally,municipally funded,adverb.manner
00131099-r,governmentally,governmentally determined policy,adverb.domain
00131209-r,professionally,professionally trained staff,adverb.manner
00131326-r,spatially,spatially limited,adverb.domain
00131423-r,semantically,semantically empty messages,adverb.domain
00131610-r,linguistically,linguistically impaired children,adverb.domain
00131610-r,lingually,a lingually diverse population,adverb.domain
00131795-r,sociolinguistically,sociolinguistically fascinating,adverb.domain
00131928-r,linguistically,linguistically interesting data,adverb.domain
00132066-r,cross-linguistically,she studied the phenomenon cross-linguistically,adverb.manner
00132206-r,fiscally,fiscally irresponsible,adverb.domain
00132327-r,algebraically,algebraically determined,adverb.manner
00132437-r,polyphonically,polyphonically composed,adverb.manner
00132547-r,poetically,poetically expressed,adverb.manner
00132646-r,phonetically,phonetically realized,adverb.domain
00132742-r,phonemically,phonemically transcribed,adverb.domain
00132870-r,personally,he is personally repulsive,adverb.speaker_oriented
00132968-r,personally,I went there personally,adverb.manner
00133226-r,philosophically,she took it philosophically,adverb.manner
00133342-r,infernally,infernally clever,adverb.degree
00133342-r,hellishly,hellishly dangerous,adverb.degree
00133483-r,pathologically,pathologically interesting results,adverb.degree
00133607-r,graphically,graphically interesting designs,adverb.domain
00133731-r,catastrophically,catastrophically complex,adverb.degree
00133851-r,optically,optically distorted,adverb.domain
00133950-r,visually,visually distorted,adverb.domain
00134031-r,viscerally,he is bleeding viscerally,adverb.spatial
00134131-r,cerebrally,bleeding cerebrally,adverb.spatial
00134223-r,cerebrally,cerebrally active,adverb.domain
00134326-r,mystically,chant mystically,adverb.manner
00134423-r,biologically,biologically related,adverb.domain
00134529-r,sociobiologically,explain the behavior sociobiologically,adverb.domain
00134797-r,biochemically,biochemically interesting phenomenon,adverb.domain
00135013-r,morally,morally unjustified,adverb.domain
00135104-r,meteorologically,meteorologically bad conditions,adverb.domain
00135229-r,metaphysically,he thinks metaphysically,adverb.domain
00135423-r,melodically,melodically interesting themes,adverb.domain
00135537-r,harmonically,harmonically interesting piece,adverb.domain
00135653-r,acoustically,acoustically ill-equipped studios,adverb.domain
00135774-r,adulterously,he behaved adulterously,adverb.manner
00135883-r,metaphorically,she expressed herself metaphorically,adverb.manner
00136008-r,allegorically,the play ended allegorically,adverb.manner
00136124-r,locally,it was locally decided,adverb.spatial
00136228-r,topically,apply this medicine topically,adverb.manner
00136377-r,regionally,regionally governed,adverb.domain
00136477-r,nationally,a nationally uniform culture,adverb.spatial
00136606-r,culturally,culturally integrated,adverb.domain
00136712-r,interracially,interracially restrictive,adverb.domain
00136808-r,chorally,chorally accompanied,adverb.manner
00136898-r,subcutaneously,inject subcutaneously,adverb.manner
00137077-r,syntactically,syntactically ill-formed,adverb.domain
00137187-r,spinally,spinally administered,adverb.spatial
00137279-r,sexually,reproduce sexually,adverb.manner
00137371-r,sexually,sexually ambiguous,adverb.domain
00137473-r,lexically,lexically represented,adverb.domain
00137571-r,nonlexically,expressed nonlexically,adverb.manner
00137680-r,materially,psychologically similar but materially different,adverb.domain
00137821-r,materially,it aided him materially in winning the argument,adverb.degree
00137952-r,surgically,surgically removed,adverb.manner
00138162-r,postoperatively,remove postoperatively,adverb.temporal
00138372-r,alternately,They were deglycerolized by alternately centrifuging and mixing,adverb.manner
00138372-r,alternately,he planted fir and pine trees alternately,adverb.manner
00138580-r,transversely,they were cut transversely,adverb.manner
00138725-r,respectively,"the brothers were called Felix and Max, respectively",adverb.conjunctive
00138870-r,similarly,He was similarly affected,adverb.manner
00139101-r,secondarily,secondarily affected,adverb.manner
00139220-r,primarily,this is primarily a question of economics,adverb.focus
00139421-r,probably,He is probably out of the country,adverb.speaker_oriented
00139662-r,bannerlike,She waved her scarf at him bannerlike,adverb.manner
00139755-r,dramatically,he confessed dramatically,adverb.manner
00139983-r,ashore,we invited them ashore,adverb.spatial
00140076-r,notably,"notably in the social sciences, the professors teach too much",adverb.focus
00140202-r,intensively,he studied the snake intensively,adverb.manner
00140318-r,appropriately,he was appropriately dressed,adverb.manner
00140318-r,duly,I met the junior senator from Illinois and I was duly impressed,adverb.degree
00140793-r,inappropriately,he was inappropriately dressed,adverb.manner
00140964-r,inalienably,this property is held inalienably,adverb.manner
00141083-r,offshore,cruising three miles offshore,adverb.spatial
00141202-r,onshore,they were living onshore,adverb.spatial
00141305-r,thousand-fold,this poison is a thousand-fold more toxic,adverb.degree
00141437-r,naturally,naturally grown flowers,adverb.manner
00141600-r,artificially,artificially induced conditions,adverb.manner
00141793-r,acutely,an acutely debilitating virus,adverb.degree
00141918-r,chronically,chronically ill persons,adverb.temporal
00142067-r,chronically,smoking chronically,adverb.temporal
00142180-r,contradictorily,he argued contradictorily,adverb.manner
00142296-r,electrostatically,the dust adhered electrostatically to the surface,adverb.manner
00142519-r,feverishly,she worked feverishly,adverb.manner
00142621-r,feudally,a feudally organized society,adverb.manner
00142809-r,geometrically,this shape is geometrically interesting,adverb.domain
00142936-r,glacially,glacially deposited material,adverb.manner
00143036-r,glaringly,it was glaringly obvious,adverb.degree
00143139-r,gravitationally,gravitationally strong forces,adverb.domain
00143261-r,gutturally,gutturally articulated,adverb.manner
00143364-r,hieroglyphically,hieroglyphically written,adverb.manner
00143478-r,homeostatically,blood pressure is homeostatically regulated,adverb.manner
00143696-r,humanly,humanly possible,adverb.domain
00143799-r,imperially,imperially decreed,adverb.manner
00143899-r,incestuously,incestuously conceived,adverb.manner
00143993-r,inconceivably,inconceivably small,adverb.degree
00144182-r,institutionally,institutionally controlled,adverb.domain
00144291-r,judicially,judicially controlled process,adverb.domain
00144401-r,nasally,inhaled nasally,adverb.manner
00144491-r,nocturnally,nocturnally active bird,adverb.temporal
00144655-r,spherically,spherically shaped,adverb.manner
00144756-r,superficially,he was superficially interested,adverb.degree
00144874-r,syllabically,syllabically pronounced,adverb.manner
00145227-r,tangentially,touched on it tangentially,adverb.manner
00145328-r,volcanically,volcanically created landscape,adverb.manner
00145441-r,awhile,sit down and stay awhile,adverb.temporal
00145441-r,awhile,they settled awhile in Virginia before moving West,adverb.temporal
00145622-r,wickedly,act wickedly,adverb.manner
00145622-r,evilly,grin evilly,adverb.manner
00145758-r,surely,the results are surely encouraging,adverb.speaker_oriented
00145758-r,certainly,she certainly is a hard worker,adverb.speaker_oriented
00145758-r,sure,it's going to be a good day for sure,adverb.speaker_oriented
00145758-r,sure,they thought he had been killed sure enough,adverb.speaker_oriented
00145758-r,sure,he'll win sure as shooting,adverb.speaker_oriented
00145758-r,sure,they sure smell good,adverb.degree
00145758-r,sure,sure he'll come,adverb.speaker_oriented
00146264-r,surprisingly,he was surprisingly friendly,adverb.speaker_oriented
00146377-r,technologically,technologically impossible,adverb.domain
00146491-r,temperamentally,temperamentally suited to each other,adverb.domain
00146607-r,sufficiently,she was sufficiently fluent in Mandarin,adverb.degree
00146890-r,insufficiently,he was insufficiently prepared,adverb.degree
00147028-r,unhesitatingly,she said yes unhesitatingly,adverb.manner
00147156-r,hesitantly,he finally accepted hesitantly,adverb.manner
00147317-r,thereafter,thereafter he never called again,adverb.temporal
00147423-r,ever,did you ever smoke?,adverb.temporal
00147630-r,so,the idea is so obvious,adverb.degree
00147630-r,so,never been so happy,adverb.degree
00147630-r,so,I love you so,adverb.degree
00147799-r,so,he was so tired he could hardly stand,adverb.degree
00147799-r,so,so dirty that it smells,adverb.degree
00147962-r,so,They're happy and I hope they will remain so,adverb.degree
00147962-r,so,so live your life that old age will bring no regrets,adverb.manner
00148162-r,so,I can only go so far with this student,adverb.degree
00148162-r,so,can do only so much in a day,adverb.degree
00148308-r,so,I was offended and so was he,adverb.focus
00148308-r,so,worked hard and so did she,adverb.focus
00148422-r,such,he is such a baby,adverb.degree
00148821-r,handily,she beat him handily,adverb.manner
00148912-r,easily,she was easily excited,adverb.degree
00148912-r,easily,was easily confused,adverb.manner
00148912-r,easily,he won easily,adverb.manner
00148912-r,easily,this china breaks very easily,adverb.manner
00148912-r,easy,success came too easy,adverb.manner
00149175-r,easy,just wanted to take it easy,adverb.manner
00149175-r,easy,the judge went easy on the young defendant,adverb.manner
00150196-r,actually,you may actually be doing the right thing by walking out,adverb.speaker_oriented
00150196-r,actually,she actually spoke Latin,adverb.conjunctive
00150568-r,actually,to be nominally but not actually independent,adverb.degree
00150568-r,actually,no one actually saw the shark,adverb.speaker_oriented
00150568-r,actually,large meteorites actually come from the asteroid belt,adverb.speaker_oriented
00150802-r,actually,I'm not all that surprised actually,adverb.speaker_oriented
00150802-r,actually,"she hasn't proved to be too satisfactory, actually",adverb.speaker_oriented
00151061-r,actually,the transmission screen shows the picture that is actually on the air,adverb.conjunctive
00154531-r,loosely,loosely knit,adverb.degree
00154531-r,loosely,loosely woven cloth,adverb.manner
00154531-r,loosely,loosely structured organization,adverb.degree
00154701-r,carefully,they watched carefully,adverb.manner
00155110-r,excitedly,she shook his hand excitedly,adverb.manner
00155235-r,vociferously,he complained vociferously,adverb.manner
00155346-r,safely,we are safely out of there,adverb.manner
00155440-r,allegedly,he was on trial for allegedly murdering his wife,adverb.speaker_oriented
00155669-r,illegally,they dumped the waste illegally,adverb.manner
00156018-r,comfortably,he works comfortably on three continents,adverb.manner
00156153-r,comfortably,she could have been lying comfortably in bed getting the same relief,adverb.manner
00156320-r,uncomfortably,"she lay on the couch, her body uncomfortably twisted",adverb.degree
00156621-r,later,I'll see you later,adverb.temporal
00157777-r,orally,he was administered the drug orally,adverb.manner
00158333-r,deadpan,she told the joke deadpan,adverb.manner
00158747-r,completely,he had filled out the form completely,adverb.degree
00158747-r,completely,the apartment was completely furnished,adverb.degree
00158934-r,incompletely,words incompletely understood,adverb.degree
00158934-r,incompletely,a form filled out incompletely,adverb.manner
00159090-r,alone,the child stayed home alone,adverb.manner
00159090-r,solo,he flew solo,adverb.manner
00159432-r,precisely,he was doing precisely (or exactly) what she had told him to do,adverb.focus
00159432-r,just,it was just as he said — the jewel was gone,adverb.degree
00159432-r,just,it has just enough salt,adverb.degree
00161639-r,closely,the onsets were closely timed,adverb.degree
00161639-r,closely,houses set closely together,adverb.manner
00161639-r,closely,was closely involved in monitoring daily progress,adverb.degree
00161858-r,intimately,the two phenomena are intimately connected,adverb.degree
00161858-r,nearly,the person most nearly concerned,adverb.degree
00162033-r,relatively,the situation is relatively calm now,adverb.degree
00162217-r,predominantly,the patients are predominantly indigenous,adverb.degree
00162392-r,readily,these snakes can be identified readily,adverb.manner
00162493-r,markedly,sales of luxury cars dropped markedly,adverb.degree
00162619-r,palpably,she was palpably nervous,adverb.degree
00162722-r,crudely,he was crudely bold,adverb.manner
00162829-r,slowly,he spoke slowly,adverb.manner
00162829-r,easy,go easy here — the road is slippery,adverb.manner
00162829-r,tardily,glaciers move tardily,adverb.manner
00162829-r,slow,please go slow so I can see the sights,adverb.manner
00163131-r,publicly,she admitted publicly to being a communist,adverb.manner
00163336-r,privately,it was discussed privately between the two men,adverb.manner
00163336-r,privately,some member of his own party hoped privately for his defeat,adverb.manner
00163672-r,secretly,they were secretly delighted at his embarrassment,adverb.manner
00163672-r,secretly,hoped secretly she would change her mind,adverb.manner
00163844-r,privately,a privately financed campaign,adverb.manner
00163964-r,publicly,publicly provided medical care,adverb.manner
00163964-r,publicly,publicly financed schools,adverb.manner
00164137-r,communally,the mills were owned communally,adverb.manner
00164275-r,reprovingly,she spoke to him reprovingly,adverb.manner
00164435-r,gaily,the scandals were gaily diverting,adverb.manner
00164789-r,helter-skelter,the books were piled up helter-skelter,adverb.manner
00165190-r,harum-scarum,dashing harum-scarum all over the place,adverb.manner
00165190-r,pell-mell,running pell-mell up the stairs,adverb.manner
00165349-r,carelessly,carelessly raised the children's hopes without thinking of their possible disappointment,adverb.manner
00166097-r,coldly,he addressed her coldly,adverb.manner
00166233-r,earnestly,talking earnestly with his son,adverb.manner
00166233-r,seriously,a play dealing seriously with the question of divorce,adverb.manner
00167240-r,long,a promotion long overdue,adverb.temporal
00167240-r,long,something long hoped for,adverb.temporal
00167240-r,long,his name has long been forgotten,adverb.temporal
00167240-r,long,talked all night long,adverb.temporal
00167240-r,long,how long will you be gone?,adverb.temporal
00167240-r,long,arrived long before he was expected,adverb.temporal
00167240-r,long,it is long after your bedtime,adverb.temporal
00167727-r,secretly,met secretly to discuss the invasion plans,adverb.manner
00167727-r,secretly,the children secretly went to the movies when they were supposed to be at the library,adverb.manner
00168943-r,vainly,the city fathers tried vainly to find a solution,adverb.manner
00169098-r,unsuccessfully,she tried unsuccessfully to persuade him to buy a new car,adverb.manner
00170623-r,confidentially,spoke to him intimately and confidentially,adverb.manner
00171499-r,theoretically,he worked the problem out theoretically,adverb.manner
00174412-r,bravely,bravely he went into the burning house,adverb.subject_oriented
00174563-r,overboard,they dropped their garbage overboard,adverb.spatial
00174678-r,upstate,he lives upstate New York,adverb.spatial
00174785-r,deeply,They felt the loss deeply,adverb.degree
00174785-r,intensely,she loved him intensely,adverb.degree
00174984-r,impatiently,he answered her impatiently,adverb.manner
00175130-r,patiently,he patiently played with the child,adverb.manner
00175276-r,tensely,he sat down tensely,adverb.manner
00175370-r,methodically,she worked methodically,adverb.manner
00175478-r,blindly,he felt around his desk blindly,adverb.manner
00175592-r,apologetically,he spoke apologetically about his past,adverb.manner
00175718-r,unsteadily,he walked unsteadily toward the exit,adverb.manner
00175718-r,unsteadily,The wounded soldier was swinging unsteadily on his legs,adverb.manner
00175977-r,steadily,he could still walk steadily,adverb.manner
00176109-r,haughtily,he peered haughtily down his nose,adverb.manner
00176221-r,wildly,the storyline is wildly unrealistic,adverb.degree
00176356-r,wild,growing wild,adverb.manner
00176356-r,wild,roaming wild,adverb.manner
00176621-r,wildly,He gesticulated wildly,adverb.manner
00176741-r,bleakly,he wondered bleakly,adverb.manner
00176830-r,stupidly,he had stupidly bought a one way ticket,adverb.subject_oriented
00176976-r,uniquely,he could determine uniquely the properties of the compound,adverb.focus
00177127-r,symmetrically,they were symmetrically arranged,adverb.manner
00177264-r,asymmetrically,they were asymmetrically arranged,adverb.manner
00177405-r,inversely,inversely related,adverb.manner
00177625-r,creatively,she solved the problem creatively,adverb.manner
00177739-r,distally,the bronchus is situated distally,adverb.spatial
00177869-r,heavily,he relied heavily on others' data,adverb.degree
00178004-r,heavily,he drank heavily,adverb.manner
00178140-r,heavily,he breathed heavily,adverb.manner
00178236-r,lightly,we eat lightly in the morning,adverb.manner
00178660-r,adamantly,adamantly opposed to the marriage,adverb.degree
00178775-r,strongly,argues very strongly for his proposal,adverb.manner
00178775-r,strongly,he was strongly opposed to the government,adverb.degree
00178969-r,weakly,weakly agreed to a compromise,adverb.manner
00178969-r,weakly,wheezed weakly,adverb.manner
00178969-r,weakly,he was weakly attracted to her,adverb.degree
00179828-r,radically,she took a radically different approach,adverb.degree
00179946-r,religiously,religiously inspired art,adverb.domain
00180072-r,religiously,he came religiously every morning at 8 o'clock,adverb.frequency
00180279-r,exceptionally,it worked exceptionally well,adverb.degree
00180395-r,amply,the evidence amply (or fully) confirms our suspicions,adverb.degree
00180395-r,fully,they were fully (or amply) fed,adverb.degree
00180598-r,strictly,we talked strictly business,adverb.focus
00180698-r,tentatively,we agreed tentatively on a dinner date,adverb.manner
00180928-r,loosely,his hands lay loosely,adverb.manner
00181065-r,fussily,he spoke to her fussily,adverb.manner
00181163-r,unnecessarily,this marathon would exhaust him unnecessarily,adverb.manner
00181293-r,gracefully,she swooped gracefully,adverb.manner
00181414-r,gracelessly,she moves rather gracelessly,adverb.manner
00181543-r,neatly,she put the slippers under the bed neatly,adverb.manner
00181654-r,lightly,her speech is only lightly accented,adverb.degree
00181765-r,lightly,she kissed him lightly on the forehead,adverb.manner
00182097-r,independently,the children worked on the project independently,adverb.manner
00182430-r,apart,he took his father's watch apart,adverb.spatial
00182430-r,apart,split apart,adverb.spatial
00182430-r,asunder,torn asunder,adverb.manner
00182561-r,apart,These towns are many miles apart,adverb.spatial
00182561-r,apart,stood with his legs apart,adverb.spatial
00182561-r,apart,born two years apart,adverb.temporal
00182739-r,apart,people can't tell the twins apart,adverb.spatial
00182828-r,once,"once we are home, we can rest",adverb.temporal
00183062-r,gently,a gently sloping terrain,adverb.degree
00183234-r,vigorously,he defended his ideas vigorously,adverb.manner
00183387-r,distinctly,it's distinctly possible,adverb.degree
00183387-r,clearly,I could clearly see myself in his situation,adverb.manner
00183685-r,positively,it was positively monumental,adverb.degree
00183802-r,splendidly,he did splendidly in the exam,adverb.manner
00183802-r,famously,we got along famously,adverb.manner
00184008-r,healthily,the answers were healthily individual,adverb.degree
00184128-r,hilariously,hilariously funny,adverb.degree
00184261-r,considerately,they considerately withdrew,adverb.manner
00184576-r,superbly,her voice is superbly disciplined,adverb.degree
00184576-r,wondrously,the colors changed wondrously slowly,adverb.degree
00184950-r,gratifyingly,the performance was at a gratifyingly high level,adverb.speaker_oriented
00185098-r,impeccably,the film was impeccably authentic,adverb.degree
00185202-r,blandly,his blandly incompetent attempts,adverb.manner
00185309-r,soberly,he walked soberly toward the altar,adverb.manner
00185484-r,helpfully,the subtitles are helpfully conveyed,adverb.manner
00185617-r,unhelpfully,he stood by unhelpfully while the house burned down,adverb.manner
00185898-r,preferentially,he was treated preferentially,adverb.manner
00186016-r,rationally,we must act rationally,adverb.manner
00186137-r,irrationally,they acted irrationally,adverb.manner
00186264-r,critically,this must be examined critically,adverb.manner
00186395-r,uncritically,he accepted her decisions uncritically,adverb.manner
00186537-r,boldly,we must tackle these tasks boldly,adverb.manner
00186658-r,competently,they worked competently,adverb.manner
00186886-r,incompetently,he did the job rather incompetently,adverb.manner
00187053-r,emotionally,emotionally secure,adverb.domain
00187156-r,emotionally,at the funeral he spoke emotionally,adverb.manner
00187293-r,unemotionally,the defendant stared unemotionally at the victim's family,adverb.manner
00187482-r,anxiously,we watched anxiously,adverb.manner
00187654-r,stiffly,his hands lay stiffly,adverb.manner
00187758-r,informally,he visited us informally,adverb.manner
00187878-r,formally,he was dressed rather formally,adverb.manner
00188003-r,formally,the club will be formally recognized,adverb.manner
00188156-r,irritably,she had become irritably exact,adverb.manner
00188268-r,calmly,he spoke calmly to the rioting students,adverb.manner
00188416-r,tranquilly,tranquilly she went on with her work,adverb.manner
00188540-r,nicely,a nicely painted house,adverb.manner
00188632-r,cozily,nestled cozily by the fire,adverb.manner
00188740-r,correspondingly,the temperature decreases correspondingly,adverb.manner
00188854-r,studiously,she examined the data studiously,adverb.manner
00188967-r,cleverly,they were cleverly arranged,adverb.manner
00188967-r,smartly,a smartly managed business,adverb.manner
00189129-r,lavishly,lavishly decorated,adverb.manner
00189569-r,best,you'd best stay at home,adverb.speaker_oriented
00189649-r,best,he played best after a couple of martinis,adverb.degree
00189760-r,theatrically,theatrically dressed,adverb.manner
00189865-r,dramatically,"the play was dramatically interesting, but the direction was bad",adverb.domain
00190181-r,popularly,this topic was popularly discussed,adverb.degree
00190291-r,enthusiastically,they discussed the question enthusiastically,adverb.manner
00190462-r,unenthusiastically,the children opened the presents unenthusiastically,adverb.manner
00190641-r,intellectually,intellectually gifted children,adverb.domain
00190641-r,intellectually,intellectually influenced,adverb.domain
00190790-r,professedly,is only professedly poor,adverb.speaker_oriented
00190913-r,someday,someday you will understand my actions,adverb.temporal
00191127-r,agilely,leaped agilely from roof to roof,adverb.manner
00191358-r,proudly,he walked proudly into town,adverb.manner
00191472-r,solemnly,the judge sat there solemnly,adverb.manner
00191587-r,divinely,the divinely appointed means of rescue from temporal existence,adverb.manner
00191871-r,clumsily,he snatched the bills clumsily,adverb.manner
00191978-r,diffusely,the arteries were diffusely narrowed,adverb.manner
00192221-r,coarsely,the surfaces were coarsely granular,adverb.degree
00192349-r,finely,the surfaces were finely granular,adverb.degree
00192471-r,intensely,he worked intensely,adverb.manner
00192471-r,intensely,it was intensely hot,adverb.degree
00192471-r,intensely,the sky was intensely blue,adverb.degree
00193263-r,continuously,The function is continuously differentiable,adverb.manner
00193383-r,reflexly,such effects can be induced reflexly,adverb.manner
00193599-r,spontaneously,this shift occurs spontaneously,adverb.manner
00193717-r,sympathetically,the stimulus acted sympathetically,adverb.manner
00193863-r,sympathetically,she listened to him sympathetically,adverb.manner
00194040-r,unsympathetically,the judge listened to the accused unsympathetically,adverb.manner
00194221-r,convincingly,he argued convincingly,adverb.manner
00194346-r,unconvincingly,he argued unconvincingly,adverb.manner
00194478-r,weirdly,she was dressed weirdly,adverb.manner
00194576-r,mercifully,he dealt with the thief mercifully,adverb.manner
00194696-r,stealthily,stealthily they advanced upstream,adverb.manner
00194904-r,off,clean off the dirt,adverb.spatial
00194904-r,off,he shaved off his mustache,adverb.spatial
00195026-r,snugly,the vest fit snugly,adverb.manner
00195117-r,snugly,concealed snugly in his hideout,adverb.manner
00195221-r,snugly,sitting snugly by the fireside while the storm raged,adverb.manner
00195362-r,visibly,the sign was visibly displayed,adverb.manner
00195469-r,conceivably,the weather may conceivably change,adverb.speaker_oriented
00195596-r,strikingly,this was strikingly demonstrated,adverb.manner
00195596-r,strikingly,the evidence was strikingly absent,adverb.degree
00195747-r,meticulously,the set was meticulously authentic,adverb.degree
00195866-r,graciously,he did not have a chance to grow up graciously,adverb.manner
00196072-r,woodenly,they moved woodenly,adverb.manner
00196288-r,rigidly,the body was rigidly erect,adverb.manner
00196288-r,bolt,he sat bolt upright,adverb.degree
00196447-r,awkwardly,he bent awkwardly,adverb.manner
00196625-r,triumphantly,she shouted triumphantly,adverb.manner
00196734-r,universally,people universally agree on this,adverb.degree
00196934-r,mistakenly,he mistakenly believed it,adverb.subject_oriented
00197085-r,childishly,he acted very childishly,adverb.manner
00197191-r,needlessly,it would needlessly bring badness into the world,adverb.manner
00197312-r,tantalizingly,she smiled at him tantalizingly,adverb.manner
00197461-r,improperly,he checked whether the wound had healed improperly,adverb.manner
00197829-r,attentively,he listened attentively,adverb.manner
00197952-r,enormously,he was enormously popular,adverb.degree
00198104-r,liberally,he gave liberally to several charities,adverb.manner
00198286-r,liberally,he embellished his stories liberally,adverb.degree
00198411-r,effortlessly,she danced gracefully and effortlessly,adverb.manner
00198411-r,effortlessly,swallows gliding effortlessly through the air,adverb.manner
00198594-r,o'clock,it's three o'clock in Tokyo now,adverb.temporal
00198807-r,conveniently,the switch was conveniently located,adverb.manner
00198991-r,inconveniently,he arrived at an inconveniently late hour,adverb.degree
00199140-r,jointly,this paper was written jointly,adverb.manner
00199469-r,over,the wallpaper was covered all over with flowers,adverb.spatial
00199469-r,over,she ached all over,adverb.spatial
00199469-r,over,everything was dusted over with a fine layer of soot,adverb.spatial
00199662-r,kinesthetically,he can perceive shapes kinesthetically,adverb.manner
00199833-r,tactually,he perceives shapes tactually,adverb.manner
00199961-r,convulsively,her leg twitched convulsively,adverb.manner
00200090-r,rebelliously,he rejected her words rebelliously,adverb.manner
00200274-r,stubbornly,she remained stubbornly in the same position,adverb.subject_oriented
00200649-r,drunkenly,He sang drunkenly,adverb.manner
00200762-r,raucously,his voice rang raucously,adverb.manner
00200866-r,victoriously,Virginia had defended her land victoriously,adverb.manner
00200994-r,fearfully,she hurried down the stairs fearfully,adverb.manner
00201311-r,thankfully,thankfully he didn't come to the party,adverb.speaker_oriented
00201415-r,thankfully,he accepted thankfully my apologies,adverb.manner
00201575-r,hopefully,hopefully the weather will be fine on Sunday,adverb.speaker_oriented
00201672-r,hopefully,we searched hopefully for a good position,adverb.manner
00201821-r,hopelessly,he hung his head hopelessly,adverb.manner
00201821-r,hopelessly,"‘I must die,’ he said hopelessly",adverb.manner
00202043-r,hopelessly,the papers were hopelessly jumbled,adverb.degree
00202043-r,hopelessly,he is hopelessly romantic,adverb.degree
00202206-r,eagerly,the news was eagerly awaited,adverb.manner
00202356-r,reportedly,she was reportedly his mistress for many years,adverb.speaker_oriented
00202504-r,maliciously,she answered maliciously,adverb.manner
00202624-r,viciously,he was viciously attacked,adverb.manner
00202768-r,spitefully,he answered his accusers spitefully,adverb.manner
00202896-r,savagely,she cried out savagely,adverb.manner
00202999-r,wisely,she acted wisely when she invited her parents,adverb.manner
00203162-r,foolishly,He acted foolishly when he agreed to come,adverb.manner
00203457-r,intelligently,she acted intelligently in this difficult situation,adverb.manner
00203614-r,unintelligently,he acted rather unintelligently in this crisis,adverb.manner
00203770-r,intelligibly,the foreigner spoke to us quite intelligibly,adverb.manner
00203983-r,unintelligibly,the foreigners spoke unintelligibly,adverb.manner
00204147-r,aerially,the survey was carried out aerially,adverb.manner
00204261-r,alphabetically,the list was arranged alphabetically,adverb.manner
00204383-r,aristocratically,they behaved aristocratically,adverb.manner
00204504-r,autocratically,the Czars ruled Russia autocratically,adverb.manner
00204629-r,diplomatically,he answered very diplomatically,adverb.manner
00204781-r,undiplomatically,she declined the invitation undiplomatically,adverb.manner
00204954-r,socioeconomically,they are far apart socioeconomically,adverb.domain
00205095-r,stoutly,he was stoutly replying to his critics,adverb.manner
00205211-r,indefinitely,this could go on indefinitely,adverb.temporal
00205350-r,correctly,the flower had been correctly depicted by his son,adverb.manner
00205350-r,right,he guessed right,adverb.manner
00205553-r,incorrectly,he decided to reveal the details only after other sources had reported them incorrectly,adverb.manner
00205553-r,wrong,she guessed wrong,adverb.manner
00205818-r,inaccessibly,located inaccessibly on the top of a mountain,adverb.manner
00205951-r,accurately,he works very accurately,adverb.manner
00206071-r,inaccurately,this student works rather inaccurately and sloppily,adverb.manner
00206226-r,accurately,repeated the order accurately,adverb.manner
00206480-r,right,stand right here!,adverb.degree
00206553-r,right,that serves him right,adverb.manner
00206553-r,right,do right by him,adverb.manner
00206702-r,rightly,he was rightly considered the greatest singer of his time,adverb.speaker_oriented
00206888-r,unjustly,he was unjustly singled out for punishment,adverb.manner
00207026-r,charitably,she treated him charitably,adverb.manner
00207135-r,aimlessly,he wandered around aimlessly,adverb.manner
00207256-r,sluggishly,the smoke rose sluggishly,adverb.manner
00207362-r,trustfully,his mouth grinned trustfully,adverb.manner
00207471-r,darkly,the river was sliding darkly under the mist,adverb.manner
00207598-r,darkly,he stared darkly at her,adverb.manner
00207713-r,astray,he was led astray,adverb.spatial
00207806-r,hurriedly,the way they buried him so hurriedly was disgraceful,adverb.manner
00208076-r,unhurriedly,she proceeded unhurriedly,adverb.manner
00208194-r,hotfoot,drove hotfoot for Boston,adverb.manner
00208339-r,restlessly,he cracked his knuckles restlessly,adverb.manner
00208454-r,financially,this was financially unattractive,adverb.domain
00208579-r,psychically,he was psychically blind,adverb.domain
00208693-r,today,I can't meet with you today,adverb.temporal
00208905-r,ornately,the cradle was ornately carved,adverb.manner
00208995-r,singly,the fine points are treated singly,adverb.manner
00209272-r,binaurally,the stimulus was presented binaurally,adverb.manner
00209438-r,monaurally,the stimuli were presented monaurally,adverb.manner
00209600-r,busily,they were busily engaged in buying souvenirs,adverb.manner
00209717-r,prominently,the new car was prominently displayed in the driveway,adverb.manner
00209884-r,inescapably,the situation slid inescapably toward disaster,adverb.speaker_oriented
00210099-r,helplessly,the crowd watched him helplessly,adverb.manner
00210243-r,imaginatively,the room was decorated very imaginatively,adverb.manner
00210382-r,unimaginatively,the stage sets were designed rather unimaginatively,adverb.manner
00210536-r,bewilderingly,her situation was bewilderingly unclear,adverb.degree
00210690-r,heartily,the boy threw himself heartily into his work,adverb.manner
00210827-r,unashamedly,he unashamedly abandoned the project when he realized he would not gain from it,adverb.manner
00211063-r,monolingually,she had been reared monolingually,adverb.manner
00211183-r,passionately,she kissed him passionately,adverb.manner
00211285-r,spectacularly,the area was spectacularly scenic,adverb.degree
00211436-r,understandingly,she nodded understandingly,adverb.manner
00211546-r,soulfully,he looked at her soulfully,adverb.manner
00211651-r,satirically,she spoke satirically,adverb.manner
00211755-r,smoothly,put the plans into effect quickly and smoothly,adverb.manner
00211755-r,swimmingly,"despite of some mishaps, everything went swimmingly",adverb.manner
00211960-r,freely,the painting featured freely brushed strokes,adverb.manner
00212077-r,habitually,her habitually severe expression,adverb.frequency
00212077-r,habitually,he habitually keeps his office door closed,adverb.frequency
00212244-r,routinely,he routinely parked in a no-parking zone,adverb.frequency
00212370-r,customarily,children are customarily expected to be seen but not heard,adverb.domain
00212529-r,humiliatingly,the painting was reproduced humiliatingly small,adverb.degree
00212695-r,protectively,he bent protectively over the woman,adverb.manner
00212815-r,spiritually,the ninth century was the spiritually freest period,adverb.domain
00212949-r,sharply,the new style of Minoan pottery was sharply defined,adverb.manner
00213113-r,dimly,we perceived the change only dimly,adverb.manner
00213262-r,dimly,a dimly lit room,adverb.manner
00213360-r,unmistakably,this watercolor is unmistakably a synthesis of nature,adverb.speaker_oriented
00213506-r,determinedly,he clung to the past determinedly,adverb.manner
00213709-r,incidentally,these magnificent achievements were only incidentally influenced by Oriental models,adverb.manner
00213902-r,ever,she was ever so friendly,adverb.degree
00214025-r,confidently,we have to do what is right confidently,adverb.manner
00214164-r,retroactively,he will get paid retroactively,adverb.temporal
00214272-r,sporadically,he only works sporadically,adverb.frequency
00214414-r,haltingly,he spoke haltingly,adverb.manner
00214493-r,half-and-half,it was divided half-and-half,adverb.manner
00214822-r,impressively,the students progressed impressively fast,adverb.degree
00214998-r,unimpressively,she scored unimpressively low in the first round of the competition,adverb.degree
00215173-r,productively,they worked together productively for two years,adverb.manner
00215587-r,expertly,he repaired the TV set expertly,adverb.manner
00215731-r,amateurishly,he performed the piece amateurishly,adverb.manner
00215852-r,abundantly,they were abundantly supplied with food,adverb.degree
00215852-r,profusely,he thanked her profusely,adverb.manner
00216346-r,boringly,boringly slow work,adverb.degree
00216346-r,tediously,he plodded tediously forward,adverb.manner
00216535-r,moderately,he drinks moderately,adverb.degree
00216671-r,immoderately,he eats immoderately,adverb.manner
00216815-r,realistically,let's look at the situation realistically,adverb.manner
00216959-r,unrealistically,his expectations were unrealistically high,adverb.degree
00217109-r,sensibly,he acted sensibly in the crisis,adverb.manner
00217109-r,sanely,speak more sanely about these affairs,adverb.manner
00217109-r,reasonably,acted quite reasonably,adverb.manner
00217398-r,unreasonably,she reacted unreasonably when she learned she had failed,adverb.manner
00217576-r,stepwise,the voltage was increased stepwise,adverb.manner
00217685-r,stolidly,he said ‘no’ stolidly,adverb.manner
00217783-r,supremely,he was supremely confident,adverb.degree
00217783-r,sublimely,"He seemed irritated at Edouard's questions but, apart from that, sublimely unconcerned",adverb.degree
00217783-r,sublimely,she remained sublimely oblivious to the possible havoc she might have caused,adverb.degree
00218268-r,thoughtfully,he had thoughtfully brought with him some food to share,adverb.subject_oriented
00218444-r,thoughtlessly,he treated his parents thoughtlessly,adverb.manner
00218585-r,thoughtfully,he stared thoughtfully out the window,adverb.manner
00218725-r,thoughtlessly,he stared thoughtlessly at the picture,adverb.manner
00218914-r,auspiciously,he started his new job auspiciously on his birthday,adverb.speaker_oriented
00219120-r,inauspiciously,he started his new job inauspiciously on Friday the 13th,adverb.manner
00219337-r,relentlessly,he worked relentlessly,adverb.manner
00219478-r,ruefully,"‘I made a big mistake,’ he said ruefully",adverb.manner
00219659-r,head-on,the cars collided head-on,adverb.manner
00219747-r,head-on,we must meet the problem head-on,adverb.manner
00219849-r,inexorably,time marches on inexorably,adverb.manner
00220161-r,impolitely,he treated her impolitely,adverb.manner
00220366-r,admirably,the children's responses were admirably normal,adverb.speaker_oriented
00220590-r,pleasantly,we spent a pleasantly lazy afternoon,adverb.degree
00220805-r,pleasantly,"‘I'll do the dishes,’ he said pleasantly",adverb.manner
00220983-r,unpleasantly,he had been unpleasantly surprised,adverb.manner
00221228-r,breathlessly,she spoke breathlessly,adverb.manner
00221335-r,heartily,"‘Yes,’ the children chorused heartily",adverb.manner
00221335-r,warmly,We welcomed her warmly,adverb.manner
00221532-r,amiably,"‘Come and visit me,’ he said amiably",adverb.manner
00221703-r,laughingly,he told the story laughingly,adverb.manner
00221803-r,ambiguously,this letter is worded ambiguously,adverb.manner
00221970-r,unequivocally,she stated her intentions unequivocally,adverb.manner
00222149-r,ceremonially,he was ceremonially sworn in as President,adverb.manner
00222304-r,unceremoniously,he was dismissed unceremoniously,adverb.manner
00222446-r,ceremoniously,my mother advised her children ceremoniously,adverb.manner
00222610-r,rakishly,she wore her hat rakishly at an angle,adverb.manner
00222767-r,rollickingly,she was rollickingly happy,adverb.degree
00222909-r,narrowly,he interprets the law narrowly,adverb.manner
00223063-r,broadly,he interprets the law broadly,adverb.manner
00223275-r,broadly,he smiled broadly,adverb.manner
00223367-r,twirlingly,they had a most twirlingly magnificent time,adverb.degree
00223465-r,behind,he followed behind,adverb.spatial
00223465-r,behind,the final runners were far behind,adverb.spatial
00223660-r,behind,when he died he left much unfinished work behind,adverb.spatial
00223660-r,behind,left a large family behind,adverb.spatial
00223660-r,behind,the children left their books behind,adverb.spatial
00223660-r,behind,he took off with a squeal of tires and left the other cars far behind,adverb.spatial
00223959-r,behind,he fell behind with his mortgage payments,adverb.temporal
00223959-r,behind,a month behind in the rent,adverb.temporal
00223959-r,behindhand,a company that has been run behindhand for years,adverb.manner
00224193-r,behind,fell behind in his studies,adverb.temporal
00224193-r,behind,their business was lagging behind in the competition for customers,adverb.spatial
00224359-r,slow,the clock is almost an hour slow,adverb.temporal
00224359-r,behind,my watch is running behind,adverb.temporal
00224480-r,rightfully,baseball rightfully is the nation's pastime,adverb.speaker_oriented
00225476-r,violently,they attacked violently,adverb.manner
00225764-r,furiously,winds were blowing furiously,adverb.manner
00225897-r,furiously,she screamed furiously at her tormentors,adverb.manner
00226035-r,furiously,the boys fought furiously,adverb.manner
00226035-r,furiously,she went peddling furiously up the narrow street,adverb.manner
00226317-r,securely,she held the child securely,adverb.manner
00226460-r,wryly,"‘I see,’ he commented wryly",adverb.manner
00226558-r,infinitely,there are infinitely many possibilities,adverb.degree
00226736-r,finitely,there are finitely many solutions to this problem,adverb.degree
00226881-r,infinitely,he is infinitely wealthy,adverb.degree
00227027-r,rigorously,he had been trained rigorously by the monks,adverb.manner
00227180-r,plastically,he used the clay plastically,adverb.manner
00227289-r,big,he talked big all evening,adverb.manner
00227422-r,big,the play failed big at the box office,adverb.degree
00227509-r,big,think big,adverb.manner
00227588-r,small,think small,adverb.manner
00227671-r,big,his performance went over big,adverb.degree
00227750-r,warily,the sailor watched the sky warily,adverb.manner
00227970-r,bodily,he was translated bodily to heaven,adverb.manner
00228075-r,over,stay over the weekend,adverb.temporal
00228167-r,over,come over and see us some time,adverb.spatial
00228167-r,over,over there,adverb.spatial
00228294-r,over,he is known the world over,adverb.spatial
00228375-r,over,a roof that hangs over,adverb.spatial
00228507-r,editorially,the paper commented editorially on the scandal,adverb.manner
00228787-r,abnormally,they were behaving abnormally,adverb.manner
00228787-r,abnormally,his blood pressure was abnormally low,adverb.degree
00228939-r,angrily,he angrily denied the accusation,adverb.manner
00229039-r,exultingly,it was exultingly easy,adverb.degree
00229174-r,sedulously,this illusion has been sedulously fostered,adverb.manner
00229297-r,tenuously,his works tenuously survive in the minds of a few scholars,adverb.manner
00229434-r,perennially,We want to know what is perennially new about the world,adverb.frequency
00229728-r,anachronistically,let's look at this phenomenon anachronistically,adverb.manner
00229869-r,ineptly,he performed his functions ineptly,adverb.manner
00230033-r,ineptly,this function is ineptly left to a small voice,adverb.manner
00230162-r,deliciously,they were walking along the beach slowly and deliciously,adverb.manner
00230340-r,mentally,he suffered mentally,adverb.manner
00230431-r,roundly,she was roundly slim,adverb.degree
00230526-r,shyly,he smiled shyly,adverb.manner
00230690-r,fondly,she spoke to her children fondly,adverb.manner
00230871-r,noisily,he blew his nose noisily,adverb.manner
00231015-r,quietly,the class was listening quietly and intently,adverb.manner
00231015-r,quietly,she was crying quietly,adverb.manner
00231184-r,quietly,her hands rested quietly in her lap,adverb.manner
00231184-r,quietly,the rock star was quietly led out the back door,adverb.manner
00231184-r,quiet,sit here as quiet as you can,adverb.manner
00232060-r,favorably,he reviewed the play favorably,adverb.manner
00232197-r,unfavorably,he reviewed the play unfavorably,adverb.manner
00232365-r,cheerfully,he cheerfully agreed to do it,adverb.manner
00232493-r,cheerlessly,he cheerlessly set out to do the task,adverb.manner
00232612-r,flawlessly,the gymnast landed flawlessly,adverb.manner
00232612-r,cleanly,she played the piano accompaniment cleanly,adverb.manner
00232612-r,cleanly,he bounced it cleanly off the wall,adverb.manner
00232867-r,solidly,a solidly built house,adverb.manner
00232973-r,foursquare,the building stood foursquare,adverb.manner
00233065-r,solidly,the unions voted solidly for Roosevelt,adverb.manner
00233186-r,dryly,"‘I know that’, he said dryly",adverb.manner
00233496-r,voluntarily,he voluntarily submitted to the fingerprinting,adverb.manner
00233647-r,involuntarily,he was involuntarily held against his will,adverb.manner
00233788-r,unerringly,he unerringly fixed things for us,adverb.manner
00233903-r,geographically,they are geographically closer to the center of town,adverb.domain
00234045-r,gloomily,such a change is gloomily foreseen by many,adverb.manner
00234156-r,cruelly,a cruelly bitter winter,adverb.degree
00234230-r,cruelly,he treated his students cruelly,adverb.manner
00234331-r,vaguely,he looked vaguely familiar,adverb.degree
00234331-r,mistily,he explained it somewhat mistily,adverb.manner
00234475-r,pompously,he pompously described his achievements,adverb.manner
00234593-r,out,they went out last night,adverb.spatial
00234667-r,away,ran away from the lion,adverb.spatial
00234667-r,away,wanted to get away from there,adverb.spatial
00234667-r,away,sent the children away to boarding school,adverb.spatial
00234667-r,away,the teacher waved the children away from the dead animal,adverb.spatial
00234667-r,off,went off to school,adverb.spatial
00234667-r,off,they drove off,adverb.spatial
00234667-r,forth,go forth and preach,adverb.spatial
00235026-r,out,he gave out money to the poor,adverb.spatial
00235026-r,away,gave away the tickets,adverb.spatial
00235144-r,out,the cat came out from under the bed,adverb.spatial
00235417-r,aside,started setting aside money to buy a car,adverb.spatial
00235417-r,by,put something by for her old age,adverb.spatial
00235417-r,away,has a nest egg tucked away for a rainy day,adverb.spatial
00235622-r,aside,step aside,adverb.spatial
00235622-r,aside,stood aside to let him pass,adverb.spatial
00235622-r,aside,threw the book aside,adverb.spatial
00235622-r,aside,put her sewing aside when he entered,adverb.spatial
00235782-r,aside,brush the objections aside,adverb.spatial
00235782-r,away,pushed all doubts away,adverb.spatial
00235931-r,apart,had a feeling of being set apart,adverb.spatial
00235931-r,apart,quality sets it apart,adverb.spatial
00235931-r,aside,a day set aside for relaxing,adverb.spatial
00236119-r,apart,they grew apart over the years,adverb.spatial
00236119-r,apart,kept apart from the group out of shyness,adverb.spatial
00236119-r,apart,decided to live apart,adverb.spatial
00236283-r,away,the music faded away,adverb.degree
00236283-r,away,idled the hours away,adverb.spatial
00236283-r,away,her fingernails were worn away,adverb.degree
00236477-r,away,he worked away at the project for more than a year,adverb.manner
00236477-r,away,the child kept hammering away as if his life depended on it,adverb.temporal
00236681-r,aside,turn aside,adverb.spatial
00236681-r,away,turn away one's face,adverb.spatial
00236681-r,away,glanced away,adverb.spatial
00236800-r,away,put the toys away,adverb.spatial
00236800-r,away,her jewels are locked away in a safe,adverb.spatial
00236800-r,away,filed the letter away,adverb.spatial
00236984-r,off,the boat was 5 miles off (or away),adverb.spatial
00236984-r,off,the party is still 2 weeks off (or away),adverb.temporal
00236984-r,away,away back in the 18th century,adverb.degree
00237168-r,away,cleared the mess away,adverb.spatial
00237168-r,away,the rotted wood had to be cut away,adverb.spatial
00237428-r,doggedly,he pursued her doggedly,adverb.manner
00237570-r,efficiently,he functions efficiently,adverb.manner
00237747-r,inefficiently,he dealt inefficiently with the crisis,adverb.manner
00237891-r,discordantly,the piece ended discordantly,adverb.manner
00238021-r,dully,she nodded her head dully,adverb.manner
00238120-r,dully,the light shone dully through the haze,adverb.manner
00238120-r,dully,unpolished buttons glinted dully,adverb.manner
00238395-r,atonally,he composes atonally,adverb.manner
00238567-r,engagingly,she played the role engagingly,adverb.manner
00238709-r,tragically,the adventure ended tragically,adverb.manner
00238879-r,fascinatingly,her face became fascinatingly distorted,adverb.manner
00239005-r,curvaceously,his date was curvaceously beguiling,adverb.manner
00239150-r,ominously,the sun darkened ominously,adverb.manner
00239256-r,restively,"he sat down again, restively",adverb.manner
00239363-r,wittingly,he wittingly deleted the references,adverb.manner
00239560-r,unwittingly,he unwittingly deleted the references,adverb.manner
00239896-r,contentedly,"‘I bought it,’ she said contentedly",adverb.manner
00240008-r,pityingly,the nurse looked at him pityingly,adverb.manner
00240144-r,glibly,he talked glibly,adverb.manner
00240256-r,callously,he callously exploited their feelings,adverb.manner
00240401-r,justifiably,he is justifiably bitter,adverb.speaker_oriented
00240521-r,unjustifiably,he is unjustifiably harsh on her,adverb.subject_oriented
00240791-r,afoot,they went to the village afoot,adverb.manner
00240791-r,afoot,quail are hunted either afoot or on horseback,adverb.manner
00241299-r,frowningly,he looked at her frowningly,adverb.manner
00241415-r,overwhelmingly,the candy looked overwhelmingly desirable to the dieting man,adverb.degree
00241635-r,each,they received $10 each,adverb.focus
00241992-r,analytically,"assuming that the distinction is maintained, one may ask which is to be analytically prior?",adverb.domain
00242166-r,therein,they can read therein what our plans are,adverb.spatial
00242413-r,lopsidedly,he smiled lopsidedly,adverb.manner
00242552-r,sternly,"‘No,’ she said sternly",adverb.manner
00242552-r,severely,peered severely over her glasses,adverb.manner
00242731-r,suspiciously,she regarded the food suspiciously,adverb.manner
00242842-r,authoritatively,she spoke authoritatively,adverb.manner
00243009-r,resolutely,she resolutely refused to look at him or speak to him,adverb.manner
00243009-r,resolutely,he entered the building resolutely,adverb.manner
00243330-r,speculatively,he looked at her speculatively,adverb.manner
00243465-r,beautifully,her face was beautifully made up,adverb.manner
00243631-r,unattractively,she was unattractively dressed last night,adverb.manner
00243780-r,dourly,he sat in his chair dourly,adverb.manner
00243937-r,belligerently,he pushed her against the wall belligerently,adverb.manner
00244122-r,consciously,she consciously played with the idea of inviting them,adverb.manner
00244269-r,unconsciously,she jumped up unconsciously when he entered the room,adverb.manner
00244420-r,greenly,the countryside rolled greenly down into the valley,adverb.manner
00244545-r,casually,glanced casually at the headlines,adverb.manner
00244773-r,competitively,the companies should bid competitively,adverb.manner
00244907-r,noncompetitively,the scholarships will be awarded noncompetitively,adverb.manner
00245067-r,compulsively,he cleaned his shoes compulsively after every walk,adverb.manner
00245397-r,south,we moved south,adverb.spatial
00245502-r,north,they earn more up north,adverb.spatial
00245801-r,overnight,the fish marinates overnight,adverb.temporal
00246100-r,believably,he acted believably sincere,adverb.degree
00246246-r,unbelievably,he was unbelievably angry,adverb.degree
00246377-r,underfoot,trampled the beans underfoot,adverb.spatial
00246377-r,underfoot,green grass growing underfoot,adverb.spatial
00246494-r,underfoot,a house with children and pets and toys always underfoot,adverb.spatial
00246764-r,feetfirst,he jumped into the pool feetfirst,adverb.manner
00246861-r,ferociously,silence broken by dogs barking ferociously,adverb.manner
00246861-r,fiercely,they fought fiercely,adverb.manner
00247047-r,fiercely,she was fiercely proud of her children,adverb.degree
00247175-r,subconsciously,the image came to him subconsciously,adverb.manner
00247302-r,vividly,he described his adventures vividly,adverb.manner
00247412-r,artfully,her foot pointed artfully toward tapering toes,adverb.manner
00247536-r,expectantly,she looked at him expectantly,adverb.manner
00247649-r,lustily,the young plants grew lustily,adverb.manner
00247755-r,just,I just can't take it anymore,adverb.degree
00247755-r,just,he was just grand as Romeo,adverb.degree
00247755-r,simply,it's simply beautiful!,adverb.degree
00247934-r,tenfold,the population increased tenfold,adverb.degree
00248026-r,quantitatively,this can be expressed quantitatively,adverb.domain
00248281-r,dramatically,your performance will improve dramatically,adverb.degree
00248413-r,classically,this exercise develops a classically shaped body,adverb.manner
00248563-r,obscurely,this work is obscurely written,adverb.manner
00248673-r,decently,they don't know how to dress decently,adverb.manner
00248805-r,indecently,she was rather indecently dressed,adverb.manner
00248938-r,horrifyingly,he laughed horrifyingly,adverb.manner
00249046-r,characteristically,he arrived characteristically late,adverb.subject_oriented
00249191-r,uncharacteristically,he was uncharacteristically cool,adverb.subject_oriented
00249338-r,perversely,his perversely erotic notions,adverb.manner
00249583-r,dialectically,his religiousness is dialectically related to his sinfulness,adverb.manner
00249728-r,prophetically,he prophetically anticipated the disaster,adverb.manner
00249854-r,artistically,it was artistically decorated,adverb.manner
00249967-r,peculiarly,these peculiarly cinematic elements,adverb.degree
00249967-r,peculiarly,a peculiarly French phenomenon,adverb.degree
00250244-r,particularly,"loves Bach, particularly his partitas",adverb.focus
00250522-r,instinctively,he instinctively grabbed the knife,adverb.manner
00250643-r,internally,an internally controlled environment,adverb.spatial
00250779-r,externally,the candidate needs to be externally evaluated,adverb.spatial
00250926-r,overhead,bring the legs together overhead,adverb.spatial
00251120-r,overhead,planes were flying overhead,adverb.spatial
00251215-r,aboard,Their second homer with Bob Allison aboard,adverb.spatial
00251433-r,aboard,Bill's been aboard for three years now,adverb.spatial
00251525-r,aboard,anchored close aboard another ship,adverb.spatial
00251622-r,uniformly,a uniformly bright surface,adverb.manner
00251832-r,enduringly,Roman culture was enduringly fertilized,adverb.manner
00252367-r,between,two houses with a tree between,adverb.spatial
00252773-r,A.M.,let's meet at 11 A.M.,adverb.temporal
00252877-r,P.M.,let's meet at 8 P.M.,adverb.temporal
00253175-r,cap-a-pie,he was armed cap-a-pie,adverb.degree
00253289-r,lawfully,we are lawfully wedded now,adverb.domain
00253459-r,unlawfully,they were unlawfully married,adverb.manner
00253718-r,doggo,he lay doggo,adverb.manner
00254098-r,full-time,she works full-time,adverb.temporal
00254209-r,part-time,he works part-time,adverb.manner
00254445-r,bilaterally,they worked out an agreement bilaterally,adverb.manner
00254597-r,unilaterally,they worked out an agreement unilaterally,adverb.manner
00254786-r,multilaterally,they worked out an agreement multilaterally,adverb.manner
00254978-r,blatantly,they blatantly violated the laws,adverb.manner
00255089-r,chock-a-block,it was chock-a-block full,adverb.degree
00255274-r,collect,call collect,adverb.manner
00255274-r,collect,send a package collect,adverb.manner
00255418-r,C.O.D.,mail a package C.O.D.,adverb.manner
00255539-r,counterclockwise,please move counterclockwise in a circle!,adverb.manner
00255849-r,clockwise,please move clockwise in a circle,adverb.manner
00256007-r,deathly,he was deathly pale,adverb.degree
00256094-r,foremost,he put his best foot foremost,adverb.spatial
00256191-r,fortnightly,he visited his cousins fortnightly,adverb.frequency
00256331-r,semiweekly,he called home semiweekly,adverb.frequency
00256458-r,monthly,they meet monthly,adverb.frequency
00256555-r,bimonthly,the bill was payable bimonthly,adverb.frequency
00256661-r,semimonthly,salaries are paid semimonthly,adverb.frequency
00256795-r,biannually,we hold our big sale biannually,adverb.frequency
00256895-r,halfway,he was halfway down the ladder when he fell,adverb.spatial
00257094-r,hereby,I hereby declare you man and wife,adverb.speaker_oriented
00257221-r,hierarchically,hierarchically organized,adverb.manner
00257334-r,higgledy-piggledy,they were piled up higgledy-piggledy,adverb.manner
00259144-r,tandem,ride tandem on a bicycle built for two,adverb.manner
00259144-r,tandem,riding horses down the path in tandem,adverb.manner
00259294-r,thrice,I called you thrice last night,adverb.frequency
00259374-r,verbatim,he repeated her remarks verbatim,adverb.manner
00259685-r,gratis,I'll give you this gratis,adverb.manner
00259792-r,inland,the town is five miles inland,adverb.spatial
00259900-r,inshore,we swam two miles inshore,adverb.spatial
00260228-r,knee-deep,we were standing knee-deep in the water,adverb.spatial
00260336-r,breast-high,we were standing breast-high in the water,adverb.spatial
00260451-r,live,the opera was broadcast live,adverb.manner
00260528-r,earlier,came earlier than I expected,adverb.temporal
00260899-r,off-hand,I don't know the figures off-hand,adverb.manner
00261005-r,offstage,the deal was done offstage,adverb.spatial
00261085-r,offstage,the actors were waiting offstage,adverb.spatial
00261207-r,onstage,it was time for her to go onstage,adverb.spatial
00261310-r,off-the-clock,she often has to work off-the-clock,adverb.temporal
00261426-r,overtime,she often has to work overtime,adverb.temporal
00261595-r,post-haste,send it to me post-haste,adverb.manner
00261760-r,perfunctorily,he kissed her cheek perfunctorily,adverb.manner
00262049-r,rent-free,I can live here rent-free,adverb.manner
00262135-r,wholesale,I buy food wholesale,adverb.manner
00262533-r,adversely,she was adversely affected by the new regulations,adverb.manner
00262662-r,aesthetically,this building is aesthetically very pleasing,adverb.domain
00262820-r,agonizingly,the progress was agonizingly slow,adverb.degree
00263006-r,appallingly,the prisoners were appallingly thin,adverb.degree
00263125-r,appealingly,the table was set appealingly,adverb.manner
00263256-r,unappealingly,the kitchen was unappealingly dirty,adverb.manner
00263397-r,approvingly,she nodded approvingly,adverb.manner
00263521-r,disapprovingly,he shook his head disapprovingly,adverb.manner
00263637-r,ambitiously,she pursued her goals ambitiously,adverb.manner
00263834-r,unambitiously,"he does his job, but he works unambitiously",adverb.manner
00263983-r,amicably,they separated amicably,adverb.manner
00264086-r,anonymously,she wrote these letters anonymously,adverb.manner
00264278-r,afield,such digressions can lead us too far afield,adverb.spatial
00264402-r,afield,unlawful to carry hunting rifles afield until the season opens,adverb.spatial
00264754-r,animatedly,they talked animatedly,adverb.manner
00264858-r,offhandedly,she threw him over offhandedly without even a Dear-John letter,adverb.manner
00265088-r,offhand,couldn't give the figures offhand,adverb.manner
00265088-r,offhand,we decided offhand to go to Canada,adverb.manner
00265088-r,offhandedly,she had made these remarks offhandedly,adverb.manner
00265324-r,casually,he dealt with his course work casually,adverb.manner
00265458-r,upstage,the dancers were directed to move upstage,adverb.spatial
00265610-r,downstage,the actors moved further and further downstage,adverb.spatial
00265770-r,abjectly,she shrugged her shoulders abjectly,adverb.manner
00265986-r,abstemiously,he ate and drank abstemiously,adverb.manner
00265986-r,temperately,indulged temperately in cocktails,adverb.manner
00266190-r,abstrusely,the professor's abstrusely reasoned theories were wasted on his students,adverb.manner
00266358-r,accelerando,here you must play accelerando,adverb.manner
00266490-r,adagio,here you must play adagio,adverb.manner
00266597-r,administratively,this decision was made administratively,adverb.manner
00266729-r,adorably,the toddler behaved adorably,adverb.manner
00266869-r,antagonistically,he behaves antagonistically toward his colleagues,adverb.manner
00267091-r,apathetically,she behaves apathetically these days,adverb.manner
00267213-r,ardently,the spirit of God knew very well that there was a deeper question to be settled before there could be the intervention in power that was so ardently desired,adverb.manner
00267447-r,arrogantly,in the old days she had been harsh and stiff; afraid of her husband and yet arrogantly proud that she had a husband strong and fierce enough to make her afraid,adverb.manner
00267688-r,ascetically,she lived ascetically in a small house all by herself,adverb.manner
00267920-r,assertively,"‘I will take care of my own life,’ she said assertively",adverb.manner
00268242-r,assuredly,the grammar schools were assuredly not intended for the gentry alone,adverb.speaker_oriented
00268385-r,audaciously,an idea so daring and yet so audaciously tempting that a shiver of excitement quivered through him,adverb.manner
00268567-r,avidly,"whatever the flavor or color of your local paper, do remember that these are read avidly for local information",adverb.manner
00268751-r,adjectively,nouns are frequently used adjectively,adverb.manner
00268865-r,adverbially,the prepositional phrase here is used adverbially,adverb.manner
00268988-r,adrift,there was a search for beauty that had somehow gone adrift,adverb.spatial
00269134-r,adrift,the boat was set adrift,adverb.manner
00269243-r,andante,this passage must be played andante,adverb.manner
00269381-r,amorously,he looked at her amorously,adverb.manner
00269487-r,angelically,the child was sleeping angelically,adverb.manner
00269596-r,architecturally,"this building is ugly, but architecturally interesting",adverb.domain
00269743-r,articulately,he argued articulately for his plan,adverb.manner
00269895-r,inarticulately,he talked inarticulately about the accident that had just taken his wife's life,adverb.manner
00270082-r,attributively,the genitive noun is used attributively,adverb.manner
00270228-r,audibly,he spoke audibly,adverb.manner
00270340-r,inaudibly,she spoke inaudibly low,adverb.degree
00270463-r,beastly,she behaved beastly toward her mother-in-law,adverb.manner
00270584-r,authentically,it is authentically British,adverb.degree
00270730-r,bloodlessly,the coup disposed of the dictator bloodlessly,adverb.manner
00271019-r,bombastically,the building was bombastically spacious,adverb.degree
00271157-r,bombastically,he lectured bombastically about his theories,adverb.manner
00271312-r,boyishly,he smiled boyishly at his fiancee,adverb.manner
00271442-r,aground,he ran the ship aground,adverb.spatial
00271541-r,akimbo,she stood there akimbo,adverb.manner
00271649-r,alee,put the helm alee,adverb.spatial
00271877-r,alias,"Mr. Smith, alias Mr. Lafayette",adverb.conjunctive
00272012-r,allegretto,play this more allegretto,adverb.manner
00272144-r,allegro,play this section allegro,adverb.manner
00272273-r,alliteratively,the early Norse poets wrote alliteratively,adverb.manner
00272405-r,selflessly,he acted selflessly when he helped the old lady in distress,adverb.manner
00272583-r,anomalously,this man behaves anomalously,adverb.manner
00272695-r,appreciatively,he accepted my offer appreciatively,adverb.manner
00273056-r,arithmetically,this problem is arithmetically easy,adverb.domain
00273182-r,askance,did not quite turn all the way back but looked askance at me with her dark eyes,adverb.manner
00273330-r,askance,he looked askance at the offer,adverb.manner
00273429-r,awry,something has gone awry in our plans,adverb.manner
00273429-r,amiss,something went badly amiss in the preparations,adverb.manner
00273600-r,askew,rugs lying askew,adverb.spatial
00273600-r,awry,with his necktie twisted awry,adverb.manner
00273736-r,assiduously,she worked assiduously on the senior thesis,adverb.manner
00274018-r,astutely,he invested his fortune astutely,adverb.manner
00274018-r,acutely,he was acutely insightful,adverb.degree
00274275-r,across,the marble slabs were cut across,adverb.spatial
00274382-r,across,the football field was 300 feet across,adverb.spatial
00274479-r,amain,he pulled the ropes amain,adverb.manner
00274564-r,amain,the children ran down the hill amain,adverb.manner
00274737-r,amuck,rioters running amuck and throwing sticks and bottles and stones,adverb.manner
00275183-r,apropos,your letter arrived apropos,adverb.temporal
00275323-r,seasonably,it was seasonably cold,adverb.degree
00275453-r,unseasonably,it was unseasonably cold,adverb.degree
00275698-r,arduously,they worked arduously,adverb.manner
00275799-r,artlessly,she answered the judge's questions artlessly,adverb.manner
00275957-r,inexpertly,an inexpertly constructed lean-to,adverb.manner
00276140-r,aslant,the sun shone aslant into his face,adverb.spatial
00276272-r,blissfully,he was blissfully unaware of the danger,adverb.degree
00276465-r,asleep,he fell asleep,adverb.manner
00276631-r,astern,"we dropped her astern on the end of a seven-inch manilla, and she laid comfortably on the ebb tide",adverb.spatial
00276839-r,aft,stow the luggage aft,adverb.spatial
00276839-r,abaft,ships with square sails sail fairly efficiently with the wind abaft,adverb.spatial
00276839-r,astern,the captain looked astern to see what the fuss was about,adverb.spatial
00277124-r,fore,the captain went fore (or forward) to check the instruments,adverb.spatial
00277302-r,astern,the steamer went astern at half speed,adverb.spatial
00277404-r,astride,she sat astride the chair,adverb.spatial
00277709-r,austerely,the church was austerely simple,adverb.manner
00277958-r,avowedly,their policy has been avowedly Marxist,adverb.speaker_oriented
00277958-r,professedly,Susan Smith was professedly guilty of the murders,adverb.speaker_oriented
00278159-r,backstage,costumes were changed backstage,adverb.spatial
00278270-r,backstage,Working backstage to gain political support for his proposal,adverb.spatial
00278270-r,backstage,many private deals were made backstage at the convention,adverb.spatial
00278494-r,privily,told her friend privily that she was planning to be married,adverb.manner
00278759-r,balefully,she looked at him balefully,adverb.manner
00278865-r,banefully,this banefully poisoned climate,adverb.manner
00279015-r,bang,he ran bang into the pole,adverb.manner
00279015-r,slap,ran slap into her,adverb.degree
00279158-r,banteringly,he spoke to her banteringly,adverb.manner
00279287-r,barbarously,they were barbarously murdered,adverb.manner
00279400-r,bareback,she prefers to ride her horse bareback,adverb.manner
00279508-r,barefoot,he chased her barefoot across the meadow,adverb.manner
00279689-r,becomingly,she was becomingly dressed,adverb.manner
00279796-r,beneficially,this medicine will act beneficially on you,adverb.manner
00279923-r,benignly,this drug is benignly soporific,adverb.manner
00280063-r,imploringly,"‘You must help me,’ she said imploringly",adverb.manner
00280264-r,bewitchingly,she was bewitchingly beautiful,adverb.degree
00280480-r,biennially,this festival takes places biennially,adverb.frequency
00280708-r,blankly,she stared at him blankly,adverb.manner
00280828-r,blasphemously,the sailors were cursing blasphemously,adverb.manner
00280953-r,bluntly,he spoke bluntly,adverb.manner
00280953-r,roundly,he was criticized roundly,adverb.degree
00281193-r,boorishly,he behaved boorishly at the party,adverb.manner
00281472-r,breadthwise,cut the cloth breadthwise,adverb.manner
00281598-r,breezily,he swings breezily into the title song,adverb.manner
00281713-r,briskly,she walked briskly in the cold air,adverb.manner
00281713-r,briskly,"‘after lunch,’ she said briskly",adverb.manner
00281857-r,bestially,she treated her husband bestially,adverb.manner
00282023-r,bumptiously,he behaved rather bumptiously and offended the hostess,adverb.manner
00282160-r,buoyantly,we accepted the opportunity buoyantly,adverb.manner
00282402-r,bureaucratically,it's bureaucratically complicated,adverb.domain
00282529-r,bureaucratically,his bureaucratically petty behavior annoyed her,adverb.domain
00282667-r,cagily,"‘I don't know yet,’ he answered cagily",adverb.manner
00282813-r,cantankerously,he answered her cantankerously,adverb.manner
00282921-r,capriciously,"there were Turk's head lilies and patches of iris, islands of brilliant blue set capriciously in the green sea",adverb.manner
00283116-r,freakishly,the weather has been freakishly variable,adverb.degree
00283263-r,captiously,he was captiously pedantic,adverb.manner
00283379-r,caustically,he addressed her caustically,adverb.manner
00283532-r,cautiously,she ventured cautiously downstairs,adverb.manner
00283873-r,carelessly,one unfortunately sees historic features carelessly lost when estates fall into unsympathetic hands,adverb.manner
00284129-r,cavalierly,he treated his staff cavalierly,adverb.manner
00284287-r,ceaselessly,dance inspires him ceaselessly to strive higher and higher toward the shining pinnacle of perfection that is the goal of every artiste,adverb.frequency
00284664-r,interminably,a theological student with whom I argued interminably,adverb.temporal
00284664-r,endlessly,her nagging went on endlessly,adverb.temporal
00284883-r,centennially,the birthday of this city is being celebrated centennially,adverb.frequency
00285042-r,chaotically,the room was chaotically disorganized,adverb.manner
00285172-r,chaotically,the drugged man was talking chaotically,adverb.manner
00285302-r,chastely,she lived chastely,adverb.manner
00285612-r,cheaply,I bought this car very cheaply,adverb.manner
00285918-r,gallantly,he gallantly offered to take her home,adverb.manner
00286085-r,churlishly,the store owner treated his customers churlishly,adverb.manner
00286521-r,fairly,they played fairly,adverb.manner
00286695-r,unfairly,they dealt with him unfairly,adverb.manner
00286876-r,cleanly,the motor burns cleanly,adverb.manner
00287002-r,clearly,could be seen clearly under the microscope,adverb.manner
00287002-r,clear,She cried loud and clear,adverb.manner
00287169-r,clear,read the book clear to the end,adverb.degree
00287169-r,clear,slept clear through the night,adverb.degree
00287169-r,clear,there were open fields clear to the horizon,adverb.degree
00287341-r,climatically,they were used to a climatically different environment,adverb.domain
00287481-r,coastwise,we were travelling coastwise,adverb.spatial
00287580-r,coaxingly,"‘Come here,’ she said coaxingly",adverb.manner
00287686-r,coherently,she could not talk coherently after the accident,adverb.manner
00287833-r,incoherently,he talked incoherently when he drank too much,adverb.manner
00287982-r,colloquially,this building is colloquially referred to as The Barn,adverb.domain
00288204-r,collectedly,he announced the death of his father collectedly,adverb.manner
00288389-r,colloidally,particles were colloidally dispersed in the medium,adverb.manner
00288522-r,combatively,"‘Don't trespass onto my property,’ the neighbor shouted combatively",adverb.manner
00288714-r,comfortingly,one part of a strange world should be given a comfortingly familiar form,adverb.manner
00288916-r,compactly,liquid food compactly stored in a pressurized tank,adverb.manner
00289255-r,complacently,he complacently lived out his life as a village school teacher,adverb.manner
00289406-r,uncomplainingly,an equally gallant little wife and mother uncomplainingly keeping up the production of tasty and nourishing meals,adverb.manner
00289622-r,complainingly,"she did her work, but she did so complainingly",adverb.manner
00289970-r,compulsorily,the ministry considers that contributions to such a fund should be met from voluntary donations rather than from rates compulsorily levied.,adverb.manner
00290609-r,con,much was written pro and con,adverb.manner
00290900-r,conceptually,he can no longer think conceptually,adverb.manner
00291062-r,concernedly,‘Are you all right?’ he asked concernedly,adverb.manner
00291174-r,concisely,the history is summed up concisely in this book,adverb.manner
00291174-r,briefly,she replied briefly,adverb.temporal
00291174-r,shortly,to put it shortly,adverb.temporal
00291622-r,succinctly,Please state your case as succinctly as possible,adverb.manner
00291622-r,compactly,he wrote compactly but clearly,adverb.manner
00291841-r,conically,conically shaped,adverb.manner
00291936-r,cynically,Larsen's frost-blackened lips curved cynically,adverb.manner
00292249-r,cursorily,he looked cursorily through the magazine,adverb.manner
00292397-r,cumulatively,mind has become self-reproducing through man's capacity to transmit experience and its products cumulatively,adverb.manner
00292903-r,criminally,the alterations in the document were ruled to be criminally fraudulent,adverb.domain
00293079-r,criminally,the garden was criminally neglected,adverb.degree
00293230-r,coyly,she pouted and looked at him coyly,adverb.manner
00293335-r,cross-legged,he sat on the floor cross-legged and meditated,adverb.manner
00293447-r,condescendingly,he treats his secretary condescendingly,adverb.manner
00293817-r,conservatively,"we estimated the number of demonstrators conservatively at 200,000.",adverb.manner
00293998-r,conditionally,he accepted the offer conditionally,adverb.manner
00294119-r,unconditionally,he accepted the offer unconditionally,adverb.manner
00294248-r,crucially,crucially important,adverb.degree
00294391-r,crosswise,things are going crosswise,adverb.manner
00294567-r,counter,run counter,adverb.conjunctive
00294730-r,cross-country,the river runs cross-country,adverb.spatial
00294730-r,cross-country,the road runs cross-country,adverb.spatial
00294857-r,cross-country,they liked to race cross-country,adverb.spatial
00294964-r,crossly,she looked at her husband crossly,adverb.manner
00295138-r,crosstown,he traveled crosstown,adverb.spatial
00295240-r,craftily,he craftily arranged to be there when the decision was announced,adverb.manner
00295603-r,confusedly,Queen Augusta wrote him an hysterical letter in which she confusedly sympathised with him,adverb.manner
00295773-r,consequently,he had good reason to be grateful for the opportunities which they had made available to him and which consequently led to the good position he now held,adverb.conjunctive
00296320-r,constructively,it is my task to look critically and constructively at the flaws and the failures,adverb.manner
00296859-r,coolly,without more ado Barker borrowed a knife from his brigade Major and honed it on a carborundum stone as coolly as a butcher,adverb.manner
00297385-r,plausibly,he talked plausibly before the committee,adverb.manner
00297385-r,probably,he will probably win the election,adverb.speaker_oriented
00297679-r,incredulously,the woman looked up at her incredulously,adverb.manner
00297912-r,credulously,the children followed the teacher credulously,adverb.manner
00298090-r,cryptically,"‘we will meet again,’ he said cryptically",adverb.manner
00298368-r,cunningly,how cunningly the olive-green dress with its underskirt of rose-brocade fitted her perfect figure,adverb.manner
00298575-r,curtly,he told me curtly to get on with it,adverb.manner
00298575-r,short,he talked short with everyone,adverb.manner
00298575-r,shortly,he said shortly that he didn't like it,adverb.manner
00298995-r,damply,a scarf was tied round her head but the rebellious curl had escaped and hung damply over her left eye,adverb.manner
00299197-r,dauntingly,dauntingly difficult,adverb.degree
00299316-r,dazedly,he wondered dazedly whether the term after next at his new school wouldn't matter so much,adverb.manner
00299520-r,decisively,the Fisher Act of 1918 decisively raised their status and pay,adverb.manner
00299667-r,decisively,the voted settled the argument decisively,adverb.manner
00300019-r,decisively,"‘I will come along,’ she said decisively",adverb.manner
00300164-r,indecisively,"‘I don't know,’ he said indecisively",adverb.manner
00300313-r,deftly,Lois deftly removed her scarf,adverb.manner
00300415-r,dejectedly,when she came back Sophie and Esther were sitting dejectedly in the kitchen,adverb.manner
00300702-r,delightfully,"the farm house, though in itself a small one, is delightfully situated",adverb.degree
00300857-r,demurely,"the army girl, tall and demurely pretty, threw a quick side-glance at her",adverb.manner
00301007-r,densely,old houses are often so densely packed that perhaps three or four have to be demolished for every new one built,adverb.manner
00301007-r,thickly,a thickly populated area,adverb.degree
00301256-r,compactly,The children were packed compactly into the car,adverb.manner
00301391-r,tightly,a tightly packed pub,adverb.manner
00301501-r,perhaps,perhaps she will call tomorrow,adverb.speaker_oriented
00301501-r,possibly,we may possibly run into them at the concert,adverb.speaker_oriented
00301501-r,peradventure,it may peradventure be thought that there never was such a time,adverb.speaker_oriented
00301750-r,just,it might just happen,adverb.focus
00301868-r,possibly,they can't possibly get here in time for the funeral?,adverb.degree
00302054-r,impossibly,long thought to be an impossibly difficult operation,adverb.degree
00302054-r,impossibly,impossibly far from sources of supply,adverb.degree
00302263-r,potentially,he is potentially dangerous,adverb.degree
00302263-r,potentially,potentially useful,adverb.degree
00302411-r,absurdly,an absurdly rich young woman,adverb.degree
00302540-r,derisively,"‘Sorry,’ she repeated derisively",adverb.manner
00302726-r,descriptively,these topics need to be treated not just descriptively,adverb.manner
00302867-r,deservedly,he chalked up two goals which deservedly gave Bolton their second victory of the season,adverb.speaker_oriented
00303212-r,despairingly,‘Why can't you understand?’ she asked despairingly,adverb.manner
00303375-r,developmentally,developmentally retarded,adverb.domain
00303492-r,devilishly,the socialists are further handicapped if they believe that capitalists are not only wicked but also devilishly clever,adverb.degree
00303712-r,congenially,"‘Let's all have a drink together,’ he said congenially",adverb.manner
00303849-r,contagiously,she was contagiously bubbly,adverb.manner
00303994-r,polemically,criticism too polemically stated,adverb.manner
00304274-r,convivially,"‘Let's go and have a drink,’ she said convivially",adverb.manner
00304406-r,coquettishly,she smiled coquettishly,adverb.manner
00304549-r,jealously,he looked at his friend's new car jealously,adverb.manner
00304748-r,creakily,the old boat was moving along creakily,adverb.manner
00304906-r,crushingly,the team was crushingly defeated,adverb.degree
00305161-r,ignobly,he behaved ignobly,adverb.manner
00305302-r,dottily,the old lady is beginning to behave quite dottily,adverb.manner
00305545-r,daintily,she nibbled daintily at her cake,adverb.manner
00305669-r,daintily,the invitation cards were written up daintily in white and gold,adverb.manner
00305947-r,daringly,daringly he took the first step,adverb.subject_oriented
00306058-r,dashingly,he was dashingly handsome,adverb.degree
00306173-r,daylong,light pours daylong into the parlor,adverb.temporal
00306378-r,decorously,he pretended to be pleased and applauded decorously,adverb.manner
00306669-r,willingly,I willingly accept,adverb.manner
00306817-r,unwillingly,he had sinned against her unwillingly,adverb.manner
00306956-r,deeply,dived deeply,adverb.degree
00306956-r,deep,dug deep,adverb.spatial
00307076-r,deep,penetrated deep into enemy territory,adverb.spatial
00307076-r,deep,went deep into the woods,adverb.spatial
00307214-r,deep,deep into the night,adverb.degree
00307214-r,late,talked late into the evening,adverb.temporal
00307328-r,late,she married late,adverb.temporal
00307328-r,late,undertook the project late in her career,adverb.temporal
00307452-r,defenselessly,"the child was standing in the middle of the crossfire, defenselessly",adverb.manner
00307661-r,defensively,the general conviction that our side is in the right and acting defensively over what Russians call the German question and Americans the Berlin crisis,adverb.manner
00307913-r,defensively,"‘I felt it better you should know,’ said Sir Cedric defensively",adverb.manner
00308075-r,offensively,the admiral intends to act offensively in the Mediterranean,adverb.manner
00308302-r,offensively,he said so in one of his more offensively intellectually arrogant sentences,adverb.degree
00308527-r,inoffensively,"that wretched beast, the elephant, breathing inoffensively not a pace behind me",adverb.manner
00308726-r,offensively,he smelled offensively unwashed,adverb.degree
00308872-r,distinctly,urbanization in Spain is distinctly correlated with a fall in reproductive rate,adverb.degree
00309032-r,distinctly,the subtleties of this distinctly British occasion,adverb.degree
00309183-r,distractedly,"‘Come in,’ he said distractedly",adverb.manner
00309299-r,deferentially,he listened deferentially,adverb.manner
00309424-r,deferentially,he always acts so deferentially around his supervisor,adverb.manner
00309593-r,deliriously,he was talking deliriously,adverb.manner
00309700-r,deliriously,her answer made him deliriously happy,adverb.degree
00309820-r,delusively,the village looked delusively near,adverb.manner
00309952-r,demonstrably,his documentary sources are demonstrably wrong,adverb.speaker_oriented
00310309-r,diabolically,his writing could be diabolically satiric,adverb.degree
00310642-r,despicably,he acted despicably,adverb.manner
00310744-r,despitefully,pray for them that despitefully use us,adverb.manner
00310908-r,destructively,he is destructively aggressive,adverb.manner
00311025-r,abominably,I don't know anyone who could have behaved so abominably,adverb.manner
00311429-r,harmlessly,this is a harmlessly childish game,adverb.manner
00311562-r,deviously,he got the promotion by behaving deviously,adverb.manner
00311683-r,devotedly,He served his master devotedly,adverb.manner
00311786-r,devoutly,she was devoutly Catholic,adverb.degree
00311926-r,dextrously,dextrously he untied the knots,adverb.manner
00312113-r,diagonally,she lives diagonally across the street from us,adverb.spatial
00312240-r,diagrammatically,"the landscape unit drawn diagrammatically illustrates the gentle rolling relief, with a peat-filled basin",adverb.manner
00312450-r,diametrically,three of these brushes were approximately 120 feet apart and the fourth diametrically opposite to one of the three,adverb.degree
00312823-r,dictatorially,this manager acts dictatorially toward his colleagues,adverb.manner
00313044-r,didactically,this is a didactically sound method,adverb.domain
00313196-r,differentially,Hubel and Wiesel have found cells that respond differentially according to the direction in which a stimulus is moved across the retina,adverb.manner
00313420-r,diligently,"we may diligently observe the Lord's supper on the first day of the week, diligently preach the gospel, or minister to the saint",adverb.manner
00313645-r,direfully,"seeing himself trapped, he cried out direfully",adverb.manner
00313770-r,dirtily,a dirtily dressed camel driver,adverb.manner
00313913-r,dirtily,as dirtily drunk as usual,adverb.degree
00313996-r,disagreeably,"‘I took no harm from the journey, thank you,’ she said disagreeably",adverb.manner
00314168-r,disappointedly,she left the gambling table disappointedly,adverb.manner
00314318-r,disappointingly,"the discoverer of argon, Sir William Ramsay, looked disappointingly ordinary",adverb.degree
00314485-r,disastrously,the real value of the trust capital may be disastrously less than when the trust began,adverb.degree
00314656-r,disconcertingly,"he drank some sherry, his eyes disconcertingly keen as he watched her",adverb.degree
00314829-r,discontentedly,he was still rumbling discontentedly when Pike returned bearing a folder of foolscap sheets,adverb.manner
00315026-r,disgracefully,his grades were disgracefully low,adverb.degree
00315534-r,disgustingly,the beggar was disgustingly filthy,adverb.degree
00315777-r,aboveboard,was known for dealing aboveboard in everything,adverb.manner
00315990-r,dishonestly,he acted dishonestly when he gave the contract to his best friend,adverb.manner
00316567-r,hypocritically,he behaved hypocritically by praying piously when people were watching,adverb.manner
00316726-r,dishonorably,he was dishonorably discharged,adverb.manner
00316850-r,honorably,he was honorably discharged after many years of service,adverb.manner
00317174-r,disinterestedly,he decided the case disinterestedly,adverb.manner
00317312-r,disjointedly,"‘We're not married, not really married,’ she said, and slowly, reluctantly, disjointedly it came out",adverb.manner
00317497-r,loyally,government will not be efficient unless the people as a whole accept leadership loyally and enthusiastically,adverb.manner
00317712-r,disloyally,his men acted disloyally and betrayed him in the end,adverb.manner
00317880-r,dismally,as he looks at the mess he has left behind he must wonder how the Brits so often managed to succeed in the kind of situation where he has so dismally failed,adverb.manner
00318128-r,dismally,"in August 1914, there was a dismally sentimental little dinner, when the French, German, Austrian and Belgian members of the committee drank together to the peace of the future",adverb.degree
00318413-r,obediently,obediently she slipped off her right shoe and stocking,adverb.subject_oriented
00318598-r,disobediently,he went ahead disobediently and did what his supervisor had warned him not to do,adverb.manner
00318783-r,dispassionately,"although he was looking at the other girl, he did so dispassionately",adverb.manner
00318955-r,disparagingly,these mythological figures are described disparagingly as belonging ‘only to a story’,adverb.manner
00319159-r,dispiritedly,the first Mozartian opera to be subjected to this curious treatment ran dispiritedly for five performances,adverb.manner
00319394-r,displeasingly,he made displeasingly cutting remarks about his friends,adverb.degree
00319536-r,disproportionately,his benefits were disproportionately generous,adverb.degree
00319696-r,proportionately,your salary will rise proportionately to your workload,adverb.manner
00319894-r,disproportionately,this wall is disproportionately long,adverb.degree
00320034-r,proportionately,the height of this wall must be reduced proportionately to give the room pleasant dimensions,adverb.manner
00320344-r,disquietingly,the disquietingly close sounds of gunfire,adverb.degree
00320668-r,respectfully,might I respectfully suggest to the Town Council that they should adopt a policy of masterly inactivity?,adverb.manner
00320875-r,disrespectfully,he treats his parents rather disrespectfully,adverb.manner
00321158-r,distastefully,a distastefully explicit report on the Royal couple's marital life,adverb.degree
00321324-r,distressfully,"‘Doctor Rother says it's his only chance,’ she added distressfully",adverb.manner
00321467-r,distributively,marine vertebrates have their weight supported distributively by the water,adverb.manner
00321801-r,distrustfully,she looked at him distrustfully,adverb.manner
00321961-r,trustingly,she looked at her father trustingly,adverb.manner
00322170-r,disturbingly,the details of the kidnapper's letter had sounded disturbingly convincing,adverb.degree
00322408-r,dogmatically,he is a dogmatically opinionated critic of Modern Art,adverb.manner
00322558-r,dolefully,his mother looked at him dolefully when he told her he had joined the Army,adverb.manner
00322759-r,domestically,the housewife bored us with her domestically limited conversation,adverb.domain
00323100-r,domineeringly,his wife behaved domineeringly,adverb.manner
00323217-r,double,some people sleep better double,adverb.degree
00323299-r,double,he was bent double with pain,adverb.manner
00323505-r,doubtfully,Gerald shook his head doubtfully,adverb.manner
00323648-r,dowdily,she dresses dowdily,adverb.manner
00323926-r,downhill,your performance has been going downhill for a long time now,adverb.spatial
00324059-r,drably,she dresses drably,adverb.manner
00324150-r,dreamily,"‘She would look beautiful in the new dress,’ Tommy said dreamily",adverb.manner
00324332-r,droopingly,"a branch hung low, droopingly",adverb.manner
00324442-r,drowsily,"‘Time to get up,’ she said drowsily",adverb.manner
00324586-r,dumbly,I nodded dumbly and he slit the envelope,adverb.manner
00324708-r,obtusely,he had so rapaciously desired and so obtusely expected to find her alone,adverb.subject_oriented
00324912-r,dutifully,he dutifully visited his mother every Sunday,adverb.manner
00325059-r,dynamically,this pianist plays dynamically,adverb.manner
00325179-r,east,we travelled east for several miles,adverb.spatial
00325179-r,east,located east of Rome,adverb.spatial
00325301-r,west,we moved west to Arizona,adverb.spatial
00325301-r,west,situated west of Boston,adverb.spatial
00325415-r,westward,they traveled westward toward the setting sun,adverb.spatial
00325528-r,eastward,they migrated eastward to Sweden,adverb.spatial
00325628-r,easterly,the winds blew easterly all night,adverb.spatial
00325751-r,westerly,the wind blew westerly,adverb.spatial
00325982-r,ebulliently,Khrushchev ebulliently promised to supply rockets for the protection of Cuba against American aggression,adverb.manner
00326234-r,ecclesiastically,the candidate was ecclesiastically endorsed,adverb.domain
00326369-r,ecologically,"ecologically speaking, this idea is brilliant; economically, it is a disaster",adverb.domain
00326532-r,ecstatically,he reacted ecstatically to my plan to travel to Africa,adverb.manner
00326736-r,edgeways,he sawed the board edgeways,adverb.manner
00326736-r,edgewise,held it edgewise,adverb.manner
00326886-r,edgewise,I could not get a word in edgewise,adverb.manner
00326996-r,educationally,the assistant masters formed a committee of their own to consider what could be done educationally for the town,adverb.domain
00327195-r,eerily,it was eerily quiet in the chapel,adverb.degree
00327305-r,effectually,"Bismarck was constantly criticized by the more liberal newspapers, and he retaliated by passing an emergency decree that effectually muzzled the press",adverb.manner
00327539-r,ineffectually,"she tried ineffectually to light the primus, and Thomas came to help her",adverb.manner
00327717-r,effectively,these are real problems that can be dealt with most effectively by rational discussion,adverb.manner
00327957-r,ineffectively,he dealt with the problem rather ineffectively,adverb.manner
00328245-r,effusively,the critics praised her effusively,adverb.manner
00328361-r,demonstratively,he greeted her demonstratively,adverb.manner
00328482-r,egotistically,he behaved egotistically,adverb.manner
00328642-r,unselfishly,he acted unselfishly when he helped her get the promotion,adverb.manner
00328801-r,elegantly,the members of these groups do not express themselves as accurately or as elegantly as their critics do,adverb.manner
00328994-r,elegantly,the room was elegantly decorated,adverb.manner
00329241-r,eloquently,he expressed his ideas eloquently,adverb.manner
00329418-r,inarticulately,the freshman expresses his thoughts inarticulately,adverb.manner
00329628-r,embarrassingly,the great man was embarrassingly humble and self-effacing,adverb.degree
00329771-r,eminently,two subjects on which he was eminently qualified to make an original contribution,adverb.degree
00329932-r,emulously,she emulously tried to outdo her older sister,adverb.manner
00330072-r,encouragingly,"‘Go on,’ he said encouragingly to his student",adverb.manner
00330223-r,discouragingly,the failure rate on the bar exam is discouragingly high,adverb.degree
00330385-r,endways,houses built endways,adverb.manner
00330507-r,endways,endways pressure,adverb.manner
00330623-r,endways,sticks leaning against the wall endways,adverb.manner
00330729-r,enterprisingly,"‘Let's go up that mountain,’ she said enterprisingly",adverb.manner
00330871-r,entertainingly,Byron's consumed memoirs possessed the merit of being well and entertainingly written,adverb.manner
00331028-r,environmentally,the new recycling policy is environmentally safe,adverb.domain
00331161-r,equably,he is an equably cheerful fellow,adverb.manner
00331271-r,equitably,the inheritance was equitably divided among the sisters,adverb.manner
00331426-r,inequitably,their father's possessions were inequitably divided among the sons,adverb.manner
00331596-r,erectly,the old man still walks erectly,adverb.manner
00331730-r,eruditely,he talked eruditely about Indian mythology,adverb.manner
00331898-r,ethically,he behaved ethically,adverb.manner
00331898-r,ethically,this is ethically unacceptable,adverb.domain
00332102-r,unethically,he behaved unethically,adverb.manner
00332226-r,euphemistically,his violent death was euphemistically referred to as a passing away,adverb.manner
00332382-r,evasively,"her husband seemed to know many of the people who were named, but he replied evasively when asked who they were",adverb.manner
00332684-r,evolutionarily,the mutation has been evolutionarily successful,adverb.domain
00332957-r,regularly,try to breathe regularly,adverb.manner
00333090-r,irregularly,the patient is breathing irregularly,adverb.manner
00333223-r,regularly,letters arrived regularly from his children,adverb.frequency
00333384-r,irregularly,her letters arrived irregularly,adverb.frequency
00333384-r,irregularly,the stomach mucosa was irregularly blackened,adverb.manner
00333541-r,regularly,regularly shaped objects,adverb.manner
00333664-r,irregularly,irregularly shaped solids,adverb.manner
00333793-r,evenly,a class evenly divided between girls and boys,adverb.manner
00333793-r,equally,they split their winnings equally,adverb.manner
00333793-r,equally,deal equally with rich and poor,adverb.manner
00334089-r,unevenly,profits were distributed unevenly,adverb.manner
00334089-r,unequally,angry at being dealt with so unequally,adverb.manner
00334320-r,evermore,lead a blameless life evermore,adverb.temporal
00334438-r,excitingly,"at the time of its appearance, the movie must have seemed excitingly new, even revolutionary",adverb.degree
00334630-r,unexcitingly,this painting was nothing more but an unexcitingly grey canvas with a few red speckles,adverb.manner
00334820-r,excusably,he was excusably late,adverb.speaker_oriented
00335065-r,inexcusably,he was inexcusably cruel to his wife,adverb.degree
00335337-r,exorbitantly,prices are exorbitantly high in the capital,adverb.degree
00335764-r,expensively,an expensively dressed little man turned a corner and approached her,adverb.manner
00335934-r,cheaply,a cheaply dressed woman approached him in the bar,adverb.manner
00336120-r,explosively,the population in Central America is growing explosively,adverb.manner
00336240-r,explosively,the political situation in Kashmir and Jammu is explosively unstable,adverb.degree
00336392-r,exponentially,inflation is growing exponentially,adverb.manner
00336514-r,express,please send the letter express,adverb.manner
00336594-r,expressively,"she gave the order to the waiter, using her hands very expressively",adverb.manner
00336764-r,inexpressively,she looked at him inexpressively,adverb.manner
00336906-r,extemporaneously,he spoke extemporaneously,adverb.manner
00337268-r,exuberantly,the exuberantly baroque decoration of the church,adverb.degree
00337533-r,treacherously,he behaved treacherously,adverb.manner
00337533-r,false,his wife played him false,adverb.manner
00337789-r,falsely,to credit Lister with the first formulation of the basic principle of stratigraphy would be to bestow credit falsely,adverb.manner
00338017-r,falsely,"a seduction on my part would land us with the necessity to rise, bathe and dress, chat falsely about this and that, and emerge into the rest of the evening as though nothing had happened",adverb.manner
00338291-r,familiarly,"Sid, as he was familiarly known by his friends, was one of the most respected and devoted members of the socialist minority group",adverb.manner
00338513-r,famously,in his famously anecdotal style,adverb.speaker_oriented
00338649-r,fanatically,he followed the teachings of his guru fanatically,adverb.manner
00338792-r,fancifully,the Christmas tree was fancifully decorated,adverb.manner
00338930-r,farcically,a farcically inept bungler,adverb.degree
00339037-r,fashionably,his voice had no trace of the drawl that you would expect to find in a fashionably dressed young man,adverb.manner
00339240-r,unfashionably,she seemed to make a point of being unfashionably dressed,adverb.manner
00339405-r,fastidiously,"he writes extremely musical music, of which the sound is fastidiously calculated and yet agreeably spontaneous and imaginative",adverb.manner
00339616-r,civilly,he treats his former wife civilly,adverb.manner
00339742-r,uncivilly,he treats his former wife uncivilly,adverb.manner
00339875-r,fatefully,the nurse whispered fatefully to call the priest,adverb.manner
00340016-r,faultily,these statements were faultily attributed to me,adverb.manner
00340145-r,faultlessly,he solved all the problems faultlessly,adverb.manner
00340283-r,fearsomely,a sabre slammed fearsomely through the thicket in all directions,adverb.manner
00340561-r,feebly,"the lighthouse, flashing feebly against the sleet-blurred, rocky backdrop of the coast of north west Norway",adverb.manner
00340753-r,feelingly,she spoke feelingly of her early childhood,adverb.manner
00341042-r,felicitously,a not felicitously chosen word,adverb.manner
00341175-r,infelicitously,he chose his words rather infelicitously,adverb.manner
00341323-r,fervently,both those for and against are fervently convinced they speak for the great majority of the people,adverb.degree
00341323-r,fierily,a fierily opinionated book,adverb.manner
00341730-r,figuratively,"figuratively speaking, …",adverb.domain
00341857-r,literally,literally translated,adverb.manner
00341857-r,literally,he said so literally,adverb.manner
00342127-r,firsthand,I heard this story firsthand,adverb.manner
00342247-r,first-rate,she doesn't feel first-rate today,adverb.manner
00342345-r,fitfully,he slept fitfully,adverb.manner
00342439-r,fixedly,he stared at me fixedly,adverb.manner
00342537-r,flabbily,the old man's muscles were sagging flabbily,adverb.manner
00342657-r,flagrantly,he is flagrantly disregarding the law,adverb.manner
00342775-r,flamboyantly,he dresses rather flamboyantly,adverb.manner
00342951-r,flat,sail flat against the wind,adverb.manner
00343029-r,flexibly,"‘Come whenever you are free,’ he said flexibly",adverb.manner
00343168-r,inflexibly,‘You will — because you must!’ Madam told her inflexibly,adverb.manner
00343326-r,flimsily,this car is so flimsily constructed!,adverb.manner
00343448-r,flip-flap,something going flip-flap in the night,adverb.manner
00343559-r,flippantly,he answered the reporters' questions flippantly,adverb.manner
00343559-r,airily,this cannot be airily explained to your children,adverb.manner
00343748-r,flop,he tumbled flop into the mud,adverb.manner
00343834-r,fluently,she speaks French fluently,adverb.manner
00343937-r,forbiddingly,it was forbiddingly dark in the corridor,adverb.manner
00344075-r,forcefully,we are seeing this film too late to feel its original impact forcefully,adverb.degree
00344222-r,cold-bloodedly,he cold-bloodedly planned the murder of his boss,adverb.manner
00344420-r,forcibly,keep in mind the dangers of imposing our own values and prejudices too forcibly,adverb.manner
00344578-r,forgetfully,she is getting old and acts forgetfully,adverb.manner
00344700-r,forgivingly,"‘Never mind,’ she said forgivingly",adverb.manner
00345046-r,forlornly,a single chicken was scratching forlornly in the yard,adverb.manner
00345178-r,formidably,the constant risk that attends the exchanges of human beings formidably armed,adverb.degree
00345338-r,formlessly,the dress hung formlessly on her body,adverb.manner
00346004-r,foully,two policemen were foully murdered,adverb.manner
00346108-r,foully,this internationally known writer was foully condemned by the Muslim fundamentalists,adverb.manner
00346296-r,fourfold,the price of gasoline has increased fourfold over the past two years,adverb.degree
00346455-r,millionfold,it increased a millionfold,adverb.degree
00346729-r,fractiously,the horse was behaving fractiously and refused to jump,adverb.manner
00346945-r,fraudulently,this money was fraudulently obtained,adverb.manner
00347080-r,frenziedly,we rehearsed frenziedly the last few days before the premiere,adverb.manner
00347455-r,functionally,the two units are functionally interdependent,adverb.domain
00347587-r,frighteningly,"the disturbing thing about the Minister's behavior is that far from being artificial, it too often rings frighteningly true",adverb.degree
00347823-r,frostily,"‘Come in if you have to,’ he said frostily",adverb.manner
00348098-r,friskily,he moves about friskily despite his age,adverb.manner
00348224-r,frivolously,she spends her time frivolously enjoying the easy life of a rich and spoiled girl,adverb.manner
00348388-r,frothily,the champagne poured frothily into the glasses,adverb.manner
00348511-r,gainfully,are you gainfully employed now?,adverb.manner
00348618-r,gamely,"he was seen by a shepherd, gamely negotiating a particularly tricky section of the mountain road to San Doloroso",adverb.manner
00348805-r,garishly,the temple was garishly decorated with bright plastic flowers,adverb.manner
00349012-r,genealogically,he charted his family tree genealogically,adverb.manner
00349142-r,generically,these animals are not related generically,adverb.domain
00349270-r,generically,we market these drugs generically,adverb.manner
00349398-r,genteelly,the English lived genteelly in India,adverb.manner
00349513-r,geologically,"geologically speaking, this area is extremely interesting",adverb.domain
00349786-r,gingerly,gingerly I raised the edge of the blanket,adverb.manner
00349906-r,gladly,this was gladly agreed to,adverb.manner
00349906-r,fain,I would fain do it,adverb.manner
00350043-r,gleefully,the old man had greeted her gleefully,adverb.manner
00350246-r,joylessly,she greeted her guests joylessly,adverb.manner
00350578-r,gloatingly,he spoke gloatingly about people he had cheated out of their money,adverb.manner
00350707-r,gloriously,how gloriously happy she had been during those few fleeting moments of time,adverb.degree
00350849-r,gloriously,where others had failed he had gloriously succeeded,adverb.manner
00350995-r,glossily,the magazine was glossily printed,adverb.manner
00351105-r,piggyback,she carried her child piggyback,adverb.manner
00351250-r,piggyback,the trailer rode piggyback across the country,adverb.manner
00351383-r,gloweringly,he stared gloweringly at this morning's headlines,adverb.manner
00351515-r,glowingly,in her letter she praised him glowingly,adverb.manner
00351763-r,goddamn,you are goddamn right!,adverb.degree
00351959-r,gorgeously,the Princess was gorgeously dressed,adverb.manner
00352189-r,grandly,the mansion seemed grandly large by today's standards,adverb.degree
00352317-r,gratingly,her voice fell gratingly on our ears,adverb.manner
00352500-r,gratuitously,he insulted us gratuitously,adverb.manner
00352615-r,greasily,the food was greasily unappetizing,adverb.manner
00352836-r,greyly,"lonely creeks are opal in the dawn, sword-blue in the sun, greyly silver under misty moons",adverb.degree
00353034-r,grievously,"the resolute but unbroken Germany, grievously wounded but far from destruction, was able to lay the firm foundations for military revival",adverb.degree
00353338-r,grotesquely,"behind the house lay two nude figures grotesquely bald, with deliberate knife-slashes marking their bodies",adverb.degree
00353559-r,grudgingly,he grudgingly agreed to have a drink in a hotel close by,adverb.manner
00353714-r,ungrudgingly,he ungrudgingly agreed to pay for everybody's dinner when the guests found themselves without cash,adverb.manner
00353928-r,gruesomely,he was gruesomely wounded,adverb.manner
00354034-r,gruffly,"‘No,’ he replied gruffly",adverb.manner
00354133-r,guiltily,she blushed guiltily as she spoke,adverb.manner
00354278-r,gushingly,a gushingly prolific writer,adverb.degree
00354384-r,half-heartedly,she tried half-heartedly,adverb.manner
00354703-r,handsomely,"India has responded handsomely by providing 3,000 men",adverb.manner
00354848-r,handsomely,the volume was handsomely bound,adverb.manner
00354974-r,haphazard,"the Prime Minister was wearing a grey suit and a white shirt with a soft collar, but his neck had become thinner and the collar stood away from it as if it had been bought haphazard",adverb.manner
00355281-r,haply,betrayed by a word haply overheard,adverb.manner
00355386-r,harmoniously,the problem of absorbing immigrants harmoniously into British society is as important to the immigrants as to the British,adverb.manner
00355592-r,harshly,‘That's enough!’ he cut in harshly,adverb.manner
00355712-r,rough,ride rough,adverb.manner
00355829-r,roughly,he was pushed roughly aside,adverb.manner
00355829-r,rough,they treated him rough,adverb.manner
00356115-r,hazily,he remembered her only hazily,adverb.manner
00356221-r,hazily,we saw the distant hills hazily,adverb.manner
00356323-r,headlong,the runner slid headlong into third base,adverb.manner
00356438-r,headlong,he fell headlong in love with his cousin,adverb.manner
00356734-r,headlong,burst headlong through the gate,adverb.manner
00356876-r,heaps,thanks heaps,adverb.degree
00356954-r,heartlessly,she behaves rather heartlessly toward her admirers,adverb.manner
00357087-r,heatedly,"‘To say I am behind the strike is so much nonsense,’ declared Mr Harvey heatedly",adverb.manner
00357087-r,hotly,the children were arguing hotly,adverb.manner
00357305-r,heavenward,he pointed heavenward,adverb.spatial
00357411-r,heavy,time hung heavy on their hands,adverb.manner
00357543-r,heinously,the child was heinously murdered,adverb.manner
00357692-r,hereinafter,the landlord demises unto the tenant the premises hereinafter called the demised premises,adverb.temporal
00357692-r,hereunder,the terms specified hereunder,adverb.spatial
00358029-r,hereof,the twigs hereof are physic,adverb.conjunctive
00358116-r,hereto,the charts hereto attached,adverb.spatial
00358311-r,hermetically,this bag is hermetically sealed,adverb.manner
00358426-r,heroically,he became reconciled to not dying heroically in her arms,adverb.manner
00358561-r,hideously,her face was hideously disfigured after the accident,adverb.degree
00358753-r,high,he climbed high on the ladder,adverb.spatial
00358848-r,high,he lives high up the river,adverb.degree
00358935-r,high,prices have gone up far too high,adverb.degree
00359047-r,high,he lives high,adverb.manner
00359172-r,high-handedly,he behaved high-handedly toward his employees,adverb.manner
00359693-r,insolently,he had replied insolently to his superiors,adverb.manner
00359817-r,loose,cows in India are running loose,adverb.manner
00359910-r,about,turn about is fair play,adverb.spatial
00359996-r,hoarsely,"‘Excuse me,’ he said hoarsely",adverb.manner
00360138-r,horizontally,a gallery quite often is added to make use of space vertically as well as horizontally,adverb.manner
00360312-r,vertically,a gallery quite often is added to make use of space vertically as well as horizontally,adverb.manner
00360482-r,hospitably,she was received hospitably by her new family,adverb.manner
00360628-r,inhospitably,she was received inhospitably by her new family,adverb.manner
00360891-r,huffily,"‘Don't bother to call me back,’ he said huffily",adverb.manner
00361013-r,hugger-mugger,they did it all hugger-mugger,adverb.manner
00361098-r,humanely,let's treat the prisoners of war humanely,adverb.manner
00361234-r,inhumanely,the prisoners of war were treated inhumanely,adverb.manner
00361378-r,humorously,Dickens had humorously suggested a special service of intercession at St. Paul's Cathedral,adverb.manner
00361567-r,humorlessly,he reacted rather humorlessly to these rumors,adverb.manner
00361728-r,hundredfold,their money increased a hundredfold,adverb.degree
00361850-r,hungrily,he pounced on the food hungrily,adverb.manner
00362014-r,hydraulically,the block is then tested hydraulically to its full design test pressure on each stream separately,adverb.manner
00362210-r,hygienically,the body must be cared for hygienically,adverb.manner
00362347-r,unhygienically,the meat is unhygienically processed on wooden tables,adverb.manner
00362506-r,hysterically,she screamed hysterically when she heard the news,adverb.manner
00362640-r,icily,"‘Mr. Powell finds it easier to take it out of mothers, children and sick people than to take on this vast industry,’ Mr Brown commented icily",adverb.manner
00362861-r,identically,he is fitted with an identically similar one,adverb.degree
00363013-r,identifiably,they were identifiably different,adverb.manner
00363242-r,idiomatically,he expressed himself idiomatically,adverb.manner
00363362-r,idiotically,what arouses the indignation of the honest satirist is not the fact that people in positions of power or influence behave idiotically,adverb.manner
00363794-r,idolatrously,the people idolatrously worshipped the Golden Calf,adverb.manner
00363930-r,ignorantly,they lived ignorantly in their own small world,adverb.manner
00364072-r,legibly,you must write legibly,adverb.manner
00364251-r,illegibly,this student writes illegibly,adverb.manner
00364446-r,illegitimately,this child was born illegitimately,adverb.domain
00364627-r,legitimately,let's get married so our child can be born legitimately,adverb.manner
00364794-r,illegitimately,He acted illegitimately when he increased the rent fourfold,adverb.manner
00365259-r,logically,he acted logically under the circumstances,adverb.manner
00365398-r,illogically,she acted illogically under the pressure,adverb.manner
00365674-r,illustriously,"Einstein, the illustriously famous physicist of the 20th century",adverb.degree
00365826-r,immaculately,gone was the casually dressed Canadian she had thought a backwoodsman — this man was immaculately tailored,adverb.manner
00366017-r,immovably,the mountains brooded immovably above the river,adverb.manner
00366155-r,impartially,he smiled at them both impartially,adverb.manner
00366273-r,morally,he acted morally under the circumstances,adverb.manner
00366419-r,immorally,he acted immorally when his own interests were at stake,adverb.manner
00366590-r,impassively,he submitted impassively to his arrest,adverb.manner
00366712-r,unrepentantly,he repeated his position unrepentantly,adverb.manner
00367210-r,imperceptibly,the power of the Secretary of State in London increased gradually but imperceptibly,adverb.manner
00367464-r,noticeably,he changed noticeably over the years,adverb.degree
00367664-r,imperiously,imperiously he cut her short,adverb.manner
00367776-r,impersonally,when I told him about Russ I found it difficult to speak impersonally,adverb.manner
00367931-r,impersonally,he treated his patients impersonally,adverb.manner
00368062-r,personally,he took her comments personally,adverb.manner
00368286-r,impudently,"a lean, swarthy fellow was peering through the window, grinning impudently",adverb.manner
00368574-r,impulsively,he often acts impulsively and later regrets it,adverb.manner
00368771-r,impiously,the young members challenged their leader impiously,adverb.manner
00368902-r,impishly,she asked him impishly to come in,adverb.manner
00369055-r,implicitly,he implicitly assumes that you know the answer,adverb.manner
00369214-r,explicitly,in his foreword Professor Clark puts it explicitly,adverb.manner
00369364-r,implicitly,I implicitly trust him,adverb.degree
00369478-r,importantly,"for centuries jellies have figured importantly among English desserts, particularly upon festive occasion",adverb.manner
00369961-r,impracticably,this is still impracticably high,adverb.degree
00370083-r,precisely,she always expressed herself precisely,adverb.manner
00370277-r,imprecisely,he expressed himself imprecisely,adverb.manner
00370603-r,impregnably,"the sight of that bland, impregnably righteous face has been enough to make their blood run cold",adverb.degree
00370785-r,improvidently,he lived improvidently for the moment,adverb.manner
00371084-r,prudently,"I had allotted my own bedroom for necking, prudently removing both the bed and the key, and taken both myself and my typewriter into my son's bedroom.",adverb.manner
00371514-r,adequately,he was adequately prepared,adverb.degree
00371665-r,inadequately,the temporary camps were inadequately equipped,adverb.degree
00371842-r,incisively,he was incisively critical,adverb.manner
00371950-r,cuttingly,People may even misunderstand our purpose and cuttingly criticise us,adverb.manner
00372056-r,incognito,in Holland he lived incognito as a carpenter in the shipyards of the East India company,adverb.manner
00372217-r,incomparably,she is incomparably gifted,adverb.degree
00372393-r,comparably,you will have to work comparably harder,adverb.degree
00372559-r,incongruously,his shirttails stuck out from his tuxedo pants somewhat incongruously,adverb.manner
00372716-r,conspicuously,"there have been plenty of general declarations about willingness to meet and talk, but conspicuously no mention of time and place",adverb.speaker_oriented
00372967-r,inconspicuously,he had entered the room inconspicuously,adverb.manner
00373228-r,incurably,he is incurably ill,adverb.degree
00373337-r,incurably,she was incurably optimistic,adverb.degree
00373447-r,indelibly,"this tradition has left its mark indelibly upon the social, political, educational and industrial fabric of this country",adverb.manner
00373649-r,indescribably,"she was looking very young tonight, and, as usual, indescribably beautiful, in a simple strapless dress of a green and white silky cotton",adverb.degree
00374004-r,indeterminably,their relationship was of an indeterminably vague nature,adverb.degree
00374152-r,indifferently,she shrugged indifferently,adverb.manner
00374490-r,discreetly,I sent for the sergeant of the platoon both men were in and asked him to try to find out discreetly what lay behind this,adverb.manner
00374744-r,indiscreetly,she inquired indiscreetly after the state of his health,adverb.manner
00374926-r,indolently,he lives indolently with his relatives,adverb.manner
00375046-r,indubitably,it was immediately and indubitably apparent that I had interrupted a scene of lovers,adverb.degree
00375361-r,indulgently,I was indulgently advised to give the kids what they wanted unless I wished my son to be socially ostracised,adverb.manner
00375553-r,industriously,they hoed up weeds industriously all morning,adverb.manner
00375685-r,inextricably,motives inspired by Mammon were often inextricably blended with things pertaining to Caesar and to God,adverb.manner
00376107-r,uninformatively,"‘I can't tell you when the manager will arrive,’ he said rather uninformatively",adverb.manner
00376350-r,infrequently,in your 1850 church you not infrequently find a dramatic contrast between the sumptuous appointments of the building itself and the inhuman barrack-like living conditions in the church room,adverb.frequency
00376634-r,ingeniously,"a Hampshire farmer had fowls of different breeds, including Dorkings, and he discriminated ingeniously between the ‘dark ones’ and the ‘white ones’",adverb.manner
00376847-r,ingratiatingly,she behaves ingratiatingly toward her boss,adverb.manner
00376993-r,inherently,"the subject matter is sexual activity of any overt kind, which is depicted as inherently desirable and exciting",adverb.degree
00377186-r,inimitably,he has an inimitably verbose style,adverb.degree
00377343-r,iniquitously,they really believed that the treaty of Versailles was iniquitously injust,adverb.degree
00377503-r,innately,the child is said to be innately disposed to learn language,adverb.manner
00377640-r,innocently,she smiled at him innocently,adverb.manner
00377757-r,innocently,he claimed to have purchased the contraband innocently,adverb.manner
00377896-r,inopportunely,he arrived inopportunely just as we sat down for dinner,adverb.temporal
00377896-r,malapropos,she answered malapropos,adverb.manner
00378096-r,opportunely,he arrived rather opportunely just when we needed a new butler,adverb.temporal
00378258-r,inquiringly,Tom Swift looked at his cabin mates inquiringly,adverb.manner
00378403-r,insatiably,he clawed insatiably at the traditional precepts,adverb.manner
00378591-r,insatiably,she was insatiably hungry,adverb.degree
00378713-r,securely,the agreed line was to involve at several points the withdrawal of French troops from positions which they had quite securely held,adverb.manner
00378927-r,securely,the outcome of expansion in the sixties and seventies will be an academic hierarchy securely supported by scholastic selection,adverb.manner
00379164-r,insecurely,our positions here at the university are rather insecurely supported by grant money,adverb.manner
00379352-r,securely,he acts very securely in front of the camera,adverb.manner
00379514-r,insecurely,she always acts very insecurely in the presence of her father,adverb.manner
00379694-r,sensitively,she questioned the rape victim very sensitively about the attack,adverb.manner
00379859-r,insensitively,the police officer questioned the woman rather insensitively about the attack,adverb.manner
00380042-r,insidiously,these drugs act insidiously,adverb.manner
00380195-r,sincerely,she praised him sincerely for his victory,adverb.manner
00380195-r,unfeignedly,was unfeignedly glad to see his old teacher,adverb.manner
00380195-r,truly,we are truly sorry for the inconvenience,adverb.degree
00380495-r,insincerely,she congratulated him somewhat insincerely,adverb.manner
00380955-r,insipidly,insipidly expressed thoughts,adverb.manner
00381131-r,inspirationally,he talked inspirationally,adverb.manner
00381262-r,substantially,the house was substantially built,adverb.manner
00381504-r,insultingly,he behaves insultingly toward his parents,adverb.manner
00381646-r,insuperably,these various courses all seemed insuperably difficult to the student,adverb.degree
00381801-r,interchangeably,these terms can be used interchangeably,adverb.manner
00382065-r,intermediately,intermediately hot,adverb.degree
00382155-r,endlessly,the Nubian desert stretched out before them endlessly,adverb.degree
00382291-r,intermittently,intermittently we questioned the barometer,adverb.frequency
00382508-r,illiberally,his illiberally biased way of thinking,adverb.manner
00382666-r,tolerantly,he reacts rather tolerantly toward his son's juvenile behavior,adverb.manner
00382927-r,transitively,you can use the verb ‘eat’ transitively or intransitively,adverb.manner
00383263-r,intravenously,the patient had to be fed intravenously,adverb.manner
00383390-r,intuitively,inventors seem to have chosen intuitively a combination of explosive and aggressive sounds as warning signals to be used on automobiles,adverb.manner
00383609-r,inventively,Picasso's liberated shapes and excitingly applied and inventively combined colours,adverb.manner
00383984-r,invisibly,these organisms enter the body invisibly,adverb.manner
00384120-r,visibly,he was visibly upset,adverb.degree
00384235-r,irately,"‘Get out,’ he shouted irately",adverb.manner
00384340-r,ironically,she began to mimic him ironically,adverb.manner
00384736-r,irretrievably,it is irretrievably lost,adverb.degree
00384850-r,irreverently,"in the seventeenth century England had known fifty years of doctrinal quarrels and civil war; clergymen had been turned from their cures, and churches irreverently used",adverb.manner
00385104-r,irreverently,the student irreverently mimicked the teacher in his presence,adverb.manner
00385261-r,irreversibly,this old tradition is irreversibly disappearing,adverb.manner
00385396-r,jarringly,the piano was jarringly out of tune,adverb.degree
00385526-r,jealously,he guarded his privacy jealously,adverb.manner
00385631-r,immaturely,his teenage son still behaves very immaturely,adverb.manner
00385805-r,maturely,she acts very maturely for her age,adverb.manner
00385934-r,jerkily,"She rose stiffly, jerkily from the window seat",adverb.manner
00386040-r,jokingly,I asked him jokingly whether he thought he could drive the Calcutta-Peshawar express,adverb.manner
00386371-r,journalistically,he is being journalistically crucified in his own country,adverb.domain
00386509-r,jovially,he greeted his friend jovially,adverb.manner
00386616-r,judiciously,let's use these intelligence tests judiciously,adverb.manner
00386745-r,injudiciously,these intelligence tests were used injudiciously for many years,adverb.manner
00386914-r,keenly,he was keenly aware of his own shortcomings,adverb.degree
00386914-r,acutely,she pitied her sister acutely,adverb.degree
00386914-r,acutely,acutely aware,adverb.degree
00387237-r,laboriously,their lives were spent in committee making decisions for others to execute on the basis of data laboriously gathered for them,adverb.manner
00387445-r,lackadaisically,he was hanging around the house lackadaisically,adverb.manner
00387593-r,lamely,"‘I don't know, Edward,’ she answered lamely",adverb.manner
00387954-r,languidly,the men languidly put on their jackets,adverb.manner
00388085-r,languorously,he was sprawling languorously on the sofa,adverb.manner
00388211-r,large,a ship sailing large,adverb.manner
00388491-r,laterally,the body is spindle-shaped and only slightly compressed laterally,adverb.spatial
00388669-r,laterally,such women carry in their heads kinship knowledge of six generations depth and extending laterally among consanguineal kin as far as the grandchildren of second cousin,adverb.spatial
00388921-r,laughably,"her income was laughably small, but she managed to live well",adverb.degree
00389158-r,leniently,he felt incensed that Tarrant should have been treated so leniently given his crime,adverb.manner
00389429-r,lazily,I watched the blue smoke drift lazily away on the still air,adverb.manner
00389570-r,left,he looked right and left,adverb.spatial
00389570-r,left,the political party has moved left,adverb.spatial
00389732-r,right,he looked right and left,adverb.spatial
00389732-r,right,the party has moved right,adverb.spatial
00390113-r,lengthwise,He cut the paper lengthwise,adverb.manner
00390283-r,longitudinally,We studied the development of the children longitudinally,adverb.manner
00390494-r,lethargically,he hung around the house lethargically,adverb.manner
00390651-r,obscenely,he had seen how in their dances the white men and women held one another obscenely,adverb.manner
00390848-r,promiscuously,this young girl has to share a room with her mother who lives promiscuously,adverb.manner
00391087-r,lifelessly,the girl lay in her arms lifelessly,adverb.manner
00391203-r,lifelessly,lifelessly he performed the song,adverb.manner
00391325-r,longingly,he spent the rest of the act gazing longingly over my right shoulder at the illuminated word ‘Exit’,adverb.manner
00391499-r,lucidly,this is a lucidly written book,adverb.manner
00391708-r,lukewarmly,he was lukewarmly received by his relatives,adverb.manner
00391862-r,luxuriantly,"this suave, culture-loving and luxuriantly good-looking M.P. represents the car-workers of Coventry",adverb.degree
00392051-r,luxuriantly,whiskers grew luxuriantly from his ample jowls,adverb.manner
00392194-r,manageably,this house is manageably small,adverb.degree
00392325-r,unmanageably,"‘This house is unmanageably large,’ she complained",adverb.degree
00392480-r,manfully,"having said her say, Peggy manfully shouldered her burden and prepared to break up yet another home",adverb.manner
00392845-r,light,experienced travellers travel light,adverb.manner
00393047-r,light-heartedly,he light-heartedly overlooks some of the basic facts of life,adverb.manner
00393212-r,lightsomely,she walked lightsomely down the long staircase,adverb.manner
00393479-r,limply,the body was hanging limply from the tree,adverb.manner
00393575-r,lineally,she is related lineally to the Royal Family,adverb.manner
00394078-r,lispingly,she spoke lispingly,adverb.manner
00394150-r,listlessly,they shook hands rather listlessly,adverb.manner
00394336-r,loftily,she bore herself loftily,adverb.manner
00394435-r,logarithmically,data plotted logarithmically with respect to time is shown in Figure 2,adverb.manner
00394686-r,longest,she stayed longest,adverb.temporal
00395053-r,low,the branches hung low,adverb.spatial
00395144-r,lowest,the branch with the big peaches on it hung lowest,adverb.spatial
00395274-r,lugubriously,his long face lugubriously reflecting a hidden and unexpressed compassion,adverb.manner
00395442-r,luridly,it was luridly described in the book as the place where mystics took refuge,adverb.manner
00395592-r,deliciously,I bought some more of these deliciously sweet peaches,adverb.degree
00395807-r,lustfully,he looked at the young woman lustfully,adverb.manner
00395924-r,lyrically,she danced the part of the Black Swan very lyrically,adverb.manner
00396196-r,magniloquently,the orator spoke magniloquently,adverb.manner
00396366-r,majestically,flamingoes walk majestically through the marshes,adverb.manner
00396497-r,benevolently,she looked on benevolently,adverb.manner
00396626-r,malevolently,she gossips malevolently,adverb.manner
00397094-r,maniacally,he was maniacally obsessed with jealousy,adverb.degree
00397334-r,masochistically,masochistically he insisted on an even greater workload,adverb.subject_oriented
00397478-r,massively,tonight the haddock were shoaling massively in three hundred fathoms,adverb.degree
00397648-r,masterfully,the young boy played the violin sonata masterfully,adverb.manner
00397820-r,materialistically,one should not approach life materialistically,adverb.manner
00397959-r,maternally,she loved her students almost maternally,adverb.manner
00398104-r,mawkishly,the violinist played that piece mawkishly,adverb.manner
00398267-r,maximally,the cells maximally responsive to lines in this orientation will fire,adverb.degree
00398433-r,minimally,the cells minimally responsive to lines in this orientation will not fire,adverb.degree
00398603-r,meagerly,these voices are meagerly represented at the conference,adverb.degree
00398603-r,slenderly,the area is slenderly endowed with natural resources,adverb.degree
00398920-r,amply,these voices were amply represented,adverb.degree
00398920-r,richly,we benefited richly,adverb.degree
00399101-r,meanderingly,the river ran meanderingly through the valley,adverb.manner
00399231-r,meaningfully,He glanced at her meaningfully,adverb.manner
00399370-r,meanly,they lived meanly and without ostentation,adverb.manner
00399514-r,meanly,troops meanly equipped,adverb.manner
00399624-r,meanly,this new leader meanly threatens the deepest values of our society,adverb.manner
00399919-r,immeasurably,the war left him immeasurably fearful of what man can do to man,adverb.degree
00400108-r,measurably,the difference is measurably large,adverb.degree
00400243-r,mechanistically,Handel achieves a huge breadth of musical thought when composing almost mechanistically in the least weighty of styles,adverb.manner
00400432-r,medially,this consonant always occurs medially,adverb.spatial
00400865-r,melodiously,she sang melodiously,adverb.manner
00401016-r,unmelodiously,she sings rather unmelodiously,adverb.manner
00401152-r,melodramatically,she acted melodramatically when she called for help,adverb.manner
00401299-r,melodramatically,"here, the hero is melodramatically reunited with the heroine",adverb.manner
00401443-r,memorably,Horowitz could play Chopin memorably,adverb.manner
00401712-r,menacingly,the voice at the other end of the line dropped menacingly,adverb.manner
00402102-r,truthfully,I told him truthfully that I had just returned from my vacation,adverb.manner
00402102-r,truthfully,he answered the question as truthfully as he could,adverb.manner
00402381-r,mercilessly,he was mercilessly trounced by his opponent in the House,adverb.manner
00402632-r,meretriciously,the boat is meretriciously decorated,adverb.manner
00402786-r,meritoriously,he served his country meritoriously,adverb.manner
00403093-r,tidily,the door gave access to a tidily furnished sitting-room where chintz and oak predominated,adverb.manner
00403255-r,methodologically,let us proceed methodologically,adverb.manner
00403491-r,rhythmically,the chair rocked rhythmically back and forth,adverb.manner
00403618-r,mindlessly,these temples were mindlessly destroyed by the Red Guards,adverb.manner
00403803-r,mindlessly,"all day long, he mindlessly filled out forms",adverb.manner
00404188-r,mincingly,she stepped mincingly over the puddles,adverb.manner
00404305-r,ministerially,he was called on to visit ministerially on the dying man,adverb.manner
00404465-r,minutely,our inability to see everything minutely and clearly is due merely to the infirmity of our senses,adverb.manner
00404848-r,miserably,I bit my lip miserably and nodded,adverb.manner
00404962-r,mistily,the summits of the mountains were mistily purple,adverb.manner
00405085-r,molto,allegro molto,adverb.degree
00405235-r,monotonously,the history of the play throughout the latter part of the eighteenth century is monotonously uneventful,adverb.manner
00405423-r,moodily,"in the bar, a youngish, sharp-eyed man was staring moodily into a gin and tonic",adverb.manner
00405577-r,morbidly,he was morbidly fascinated by dead bodies,adverb.subject_oriented
00405717-r,morosely,he fell morosely on the bed,adverb.manner
00405821-r,morphologically,these two plants are morphologically related,adverb.domain
00405983-r,mortally,"a being of whom the forest Indians are said to be mortally afraid, with a hoof shaped like the heel of a bottle",adverb.degree
00406221-r,motionlessly,he saw the black-haired man waiting motionlessly behind the opposite side of the platform,adverb.manner
00406411-r,sadly,"‘She died last night,’ he said sadly",adverb.manner
00406532-r,mournfully,the young man stared into his glass mournfully,adverb.manner
00406659-r,mundanely,the young man spoke so mundanely of university life,adverb.manner
00406789-r,terrestrially,terrestrially changeable,adverb.domain
00406926-r,murderously,the huge dog bore down on them with bared fangs and barking murderously,adverb.manner
00407079-r,murkily,murkily expressed ideas,adverb.manner
00407179-r,musically,She sang very musically,adverb.manner
00407299-r,unmusically,She sings rather unmusically,adverb.manner
00407429-r,musingly,"‘It's funny about that bar,’ he said musingly",adverb.manner
00407555-r,mutually,the agreement was mutually satisfactory,adverb.manner
00407555-r,reciprocally,the goals of the negotiators were not reciprocally exclusive,adverb.manner
00408198-r,nakedly,Henriette saw the weaving figure of an Apache warrior reel nakedly on a pony and rush by with a rifle raised,adverb.manner
00408380-r,nakedly,they were attacked as they huddled nakedly on the bare hill,adverb.manner
00408778-r,broad-mindedly,the authorities broad-mindedly permitted the opening of a center for teenagers,adverb.manner
00408963-r,nastily,"‘Don't expect me to help you,’ he added nastily",adverb.manner
00409125-r,nationally,nationally advertised,adverb.spatial
00409125-r,nationwide,it was broadcast nationwide,adverb.spatial
00409329-r,nattily,it was arranged carefully and nattily,adverb.manner
00409457-r,jauntily,his hat sat jauntily on his full brown hair,adverb.manner
00409712-r,nearer,they drew nearer,adverb.spatial
00409712-r,nearer,getting nearer to the true explanation,adverb.spatial
00409931-r,nearest,that was the time he came nearest to death,adverb.degree
00410115-r,necessarily,such expenses are necessarily incurred,adverb.speaker_oriented
00410285-r,necessarily,we are necessarily bound for federalism in Europe,adverb.speaker_oriented
00410408-r,unnecessarily,they were unnecessarily rude,adverb.degree
00410775-r,nefariously,nefariously involved in a conspiracy,adverb.manner
00411000-r,negligently,he did his work negligently,adverb.manner
00411110-r,nervously,we watched the stock market nervously,adverb.manner
00411237-r,neurotically,"they are finely, not to say neurotically adjusted",adverb.manner
00411369-r,nervously,our bodies jumped nervously away at the slightest touch,adverb.manner
00411619-r,near,as the wedding day drew near,adverb.temporal
00411619-r,near,stood near the door,adverb.spatial
00411619-r,near,don't shoot until they come near,adverb.spatial
00411619-r,near,getting near to the true explanation,adverb.degree
00411619-r,near,her mother is always near,adverb.spatial
00411619-r,nigh,The end draws nigh,adverb.temporal
00411619-r,close,the bullet didn't come close,adverb.spatial
00411619-r,close,don't get too close to the fire,adverb.spatial
00412120-r,nightly,she checks on her roses nightly,adverb.frequency
00412227-r,ninefold,my investment has increased ninefold,adverb.degree
00412336-r,nobly,she has behaved nobly,adverb.manner
00412430-r,nohow,We could nohow make out his handwriting,adverb.degree
00412530-r,nonstop,we are flying nonstop from New York to Tokyo,adverb.manner
00412630-r,nostalgically,"they spent an hour together, talking nostalgically as they wandered slowly down the coast road",adverb.manner
00412791-r,notoriously,"European emigres, who notoriously used to repair to the British Museum to write seditious pamphlets",adverb.speaker_oriented
00413081-r,numerically,"in ten years' time the Oxbridge mathematicians, scientists, and engineers will not be much more significant numerically than the Oxbridge medical schools are now",adverb.domain
00413337-r,numbly,I stared at him numbly,adverb.manner
00413480-r,nowise,they are nowise different,adverb.degree
00413955-r,objectively,we must look at the facts objectively,adverb.manner
00414088-r,subjectively,you cannot look at these facts subjectively,adverb.manner
00414231-r,obscenely,this man is obscenely rich,adverb.degree
00414319-r,obsequiously,she acts obsequiously toward her boss,adverb.manner
00414897-r,unobtrusively,"messengers were moving unobtrusively over the jet-black mountain ranges, bearing confidential tidings from sheikhdom to sheikhdom",adverb.manner
00415132-r,officiously,nothing so fatal as to strive too officiously for an abstract quality like beauty,adverb.manner
00415297-r,obstructively,he acted very obstructively when we tried to carry out our project,adverb.manner
00415635-r,opaquely,he referred opaquely to her recent past,adverb.manner
00415752-r,operationally,reported the machine operationally satisfactory,adverb.domain
00415752-r,operationally,a well-trained staff that is operationally adequate,adverb.domain
00415941-r,oppressively,it was oppressively hot in the office,adverb.degree
00416162-r,optimistically,"‘We have a good chance of winning,’ he exclaimed optimistically",adverb.manner
00416346-r,pessimistically,he evaluated his chances for survival rather pessimistically,adverb.manner
00416529-r,optionally,this rule is applied optionally,adverb.manner
00416660-r,obligatorily,this rule applies obligatorily,adverb.manner
00416794-r,sumptuously,this government building is sumptuously appointed,adverb.manner
00417187-r,ostentatiously,Mr Khrushchev ostentatiously wooed and embraced Castro at the U.N. general assembly,adverb.manner
00417406-r,outlandishly,the Bavarian was outlandishly dressed in lederhosen,adverb.manner
00417543-r,outspokenly,he was outspokenly critical of the Government's new social policy,adverb.manner
00417776-r,overleaf,data tabulated overleaf,adverb.spatial
00417873-r,overmuch,let's not blame them overmuch,adverb.degree
00417994-r,overseas,He lived overseas for many years,adverb.spatial
00418101-r,overside,Willie eased himself overside into the sea,adverb.spatial
00418207-r,owlishly,the gentle-looking barrister peered owlishly around him,adverb.manner
00418340-r,pacifistically,the pacifistically inclined liberals,adverb.domain
00418463-r,painstakingly,painstakingly learn the routines of selling,adverb.manner
00418765-r,unpalatably,The vegetables looked unpalatably wilted,adverb.degree
00418906-r,palely,"his wife, always palely appealing",adverb.manner
00419049-r,palely,a palely entertaining show,adverb.degree
00419286-r,parenterally,the drug is intended to be administered parenterally,adverb.manner
00419420-r,parenthetically,he added parenthetically that he would not attend the wedding ceremony,adverb.manner
00419581-r,parochially,parochially narrow in his outlook,adverb.manner
00419697-r,past,every hour a train goes past,adverb.spatial
00419857-r,paternally,he behaves very paternally toward his young bride,adverb.manner
00419987-r,pathetically,they had pathetically little money,adverb.degree
00419987-r,pathetically,it was pathetically bad,adverb.degree
00420133-r,pathetically,the sick child cried pathetically,adverb.manner
00420451-r,unpatriotically,unpatriotically he contrived a way of avoiding military service,adverb.subject_oriented
00420622-r,peaceably,the tenant paying the rent hereby reserved and performing the several covenants herein on his part contained shall peaceably hold and enjoy the demised premises,adverb.manner
00421193-r,pejoratively,I am not using the word pejoratively,adverb.manner
00421314-r,penetratingly,the author treats his subject penetratingly,adverb.manner
00421486-r,pensively,pensively he stared at the painting,adverb.manner
00421600-r,penuriously,they lived penuriously,adverb.manner
00421786-r,perceptually,this task is perceptually very difficult,adverb.domain
00421914-r,perchance,"To sleep, perchance to dream …",adverb.speaker_oriented
00422032-r,perfidiously,he was playing perfidiously one side against the other,adverb.manner
00422293-r,perpendicularly,this red line runs perpendicularly to the green line,adverb.manner
00422436-r,perplexedly,he looked at his professor perplexedly,adverb.manner
00422590-r,persistently,"he was asking questions, unavoidable questions, persistently …",adverb.manner
00422738-r,persuasively,this essay argues so persuasively …,adverb.manner
00422859-r,pertinaciously,he struggled pertinaciously for the new resolution,adverb.manner
00423009-r,pertinently,"what is singular about his use of them is that no other artist, of his time or any other, has painted them so directly, intimately and pertinently",adverb.manner
00423540-r,phenomenally,his reaction was phenomenally quick,adverb.degree
00423749-r,philatelically,the Post Office honors great Americans philatelically,adverb.manner
00423889-r,phlegmatically,he accepted the decision phlegmatically,adverb.manner
00424015-r,picturesquely,in the building trade such a trader is picturesquely described as a ‘brass plate’ merchant,adverb.manner
00424192-r,piecemeal,the research structure has developed piecemeal,adverb.manner
00424346-r,bitterly,it was bitterly cold,adverb.degree
00424346-r,bitter,bitter cold,adverb.degree
00424646-r,pinnately,a pinnately compound leaf,adverb.manner
00424753-r,piping,the casserole was piping hot,adverb.degree
00424855-r,spicily,the soup was spicily flavored,adverb.manner
00425009-r,placidly,"I put the questions, and she answered them placidly",adverb.manner
00425154-r,placidly,the sea now shimmered placidly before our eyes,adverb.manner
00425382-r,point-blank,I asked him point-blank whether he wanted the job,adverb.manner
00425509-r,posthumously,these piano pieces were published posthumously,adverb.temporal
00425509-r,posthumously,he was honored posthumously,adverb.temporal
00425660-r,prestissimo,this passage should be played prestissimo,adverb.manner
00425799-r,rallentando,this passage should be played rallentando,adverb.manner
00425915-r,recognizably,he was recognizably slimmer now,adverb.degree
00426051-r,unrecognizably,he had unrecognizably aged,adverb.degree
00426224-r,regretfully,I must regretfully decline your kind invitation,adverb.speaker_oriented
00426370-r,piratically,the piratically published edition of his book,adverb.manner
00426498-r,pit-a-pat,his heart went pit-a-pat,adverb.manner
00426635-r,pit-a-pat,he came running pit-a-pat down the hall,adverb.manner
00426848-r,pithily,she expressed herself pithily,adverb.manner
00426998-r,pitifully,"wages were pitifully low, particularly the wages of women",adverb.degree
00427134-r,placatingly,Jenny smiled placatingly,adverb.manner
00427241-r,plaguey,it's so plaguey cold!,adverb.degree
00427364-r,plaintively,the last note of the song rang out plaintively,adverb.manner
00427493-r,playfully,she loosened the half-hoop of diamonds on her left hand third finger and held it out to him playfully,adverb.manner
00427673-r,pleasingly,the room was pleasingly large,adverb.degree
00427783-r,plenarily,an empire destined to enter the Commonwealth plenarily,adverb.degree
00427916-r,ploddingly,this writer ploddingly accumulates detail after detail,adverb.manner
00428051-r,plop,plop came the ball down to the corner of the green,adverb.manner
00428189-r,plump,the anchor fell plump into the sea,adverb.manner
00428189-r,plump,we dropped the rock plump into the water,adverb.manner
00428368-r,pneumatically,at the present time the transmission is very often done hydraulically or pneumatically,adverb.manner
00428539-r,pointlessly,he spent his life in pointlessly tiresome drudgery,adverb.manner
00428788-r,pluckily,he was Brentford's defensive star in pluckily holding out the determined Reading raids for long periods,adverb.manner
00429045-r,ponderously,he moves ponderously,adverb.manner
00429154-r,ponderously,the play was staged with ponderously realistic sets,adverb.degree
00429305-r,pop,everything went pop,adverb.manner
00429596-r,possessively,"he was sleeping, one arm flung possessively across his wife",adverb.manner
00429740-r,post-paid,I will send it post-paid,adverb.manner
00429855-r,potently,Clytemnestra's ghost crying in the night for vengeance remained most potently in the audience's mind,adverb.manner
00430156-r,powerfully,the federal government replaced the powerfully pro-settler Sir Godfrey Huggins with the even tougher and more determined ex-trade unionist,adverb.degree
00430615-r,pragmatically,"we want to build a democratic society, but we must act pragmatically",adverb.manner
00430768-r,pre-eminently,a wide variety of pre-eminently contemporary scenes,adverb.degree
00430990-r,precariously,being a precariously dominant minority is a difficult position for human nature to cope with,adverb.manner
00431283-r,precipitously,the mountains rose precipitously from the shore,adverb.manner
00431427-r,precipitously,conditions that precipitously increase the birthrate,adverb.manner
00431427-r,sharply,prices rose sharply,adverb.degree
00431593-r,precociously,her child behaves precociously,adverb.manner
00431857-r,prematurely,I spoke prematurely,adverb.temporal
00431998-r,prematurely,the child was born prematurely,adverb.temporal
00432154-r,presciently,"more presciently than they superiors, these workers grasped the economic situation",adverb.manner
00432413-r,presentably,years ago in her white-painted infancy it must have hung presentably on the deck of some luxury liner,adverb.manner
00432676-r,presumptuously,he presumptuously overstepped the doctor's orders,adverb.subject_oriented
00432814-r,pretentiously,this author writes pretentiously,adverb.manner
00432951-r,unpretentiously,she was unpretentiously dressed even though she was the guest of honor,adverb.manner
00433131-r,preternaturally,she was preternaturally beautiful,adverb.degree
00433289-r,prettily,all this is most prettily done,adverb.manner
00433396-r,priggishly,this professor acts so priggishly — like a moderator with a gavel!,adverb.manner
00433542-r,prissily,the new teacher alienates the children by behaving prissily,adverb.manner
00433705-r,primitively,rather primitively operated foundries,adverb.manner
00433947-r,probabilistically,we can calculate the position of the particles probabilistically,adverb.manner
00434207-r,warmly,warmly dressed,adverb.manner
00434339-r,prodigally,we are still prodigally rich compared to others,adverb.degree
00434522-r,prodigiously,the prices of farms rose prodigiously,adverb.degree
00434644-r,profanely,he kept wondering profanely why everything bad happened to him,adverb.manner
00434800-r,profanely,muttering profanely,adverb.manner
00434890-r,proficiently,he dealt proficiently with the problem,adverb.manner
00435140-r,prohibitively,it is prohibitively expensive,adverb.degree
00435256-r,promiscuously,she reads promiscuously,adverb.manner
00435407-r,promisingly,the afternoon had begun so promisingly,adverb.manner
00435530-r,prosaically,I applied my attention prosaically to my routine,adverb.manner
00435684-r,prosily,somewhat prosily and repetitively expounded,adverb.manner
00435802-r,proverbially,"this proverbially bitter plant, wormwood",adverb.domain
00435956-r,providentially,his providentially destined role,adverb.manner
00436106-r,providentially,providentially the weather remained good,adverb.speaker_oriented
00436247-r,provocatively,"‘Try it,’ he said provocatively",adverb.manner
00436657-r,pryingly,‘Do you have a boyfriend?’ she asked her prospective tenant pryingly,adverb.manner
00436814-r,psychologically,war that caught them in its toils either psychologically or physically,adverb.domain
00436814-r,psychologically,the event was very damaging to the child psychologically,adverb.domain
00437035-r,psychologically,classify poetry psychologically,adverb.domain
00437235-r,punctiliously,"he launched into a long history of the birth of communism, giving credit punctiliously to the work of Marx and Engels",adverb.manner
00437439-r,pungently,the soup was pungently flavored,adverb.manner
00437559-r,pungently,he wrote pungently about his contemporaries,adverb.manner
00437981-r,purposefully,"he caught the motorcycles in the full glare of his headlights, braked and slipped purposefully out of the car",adverb.manner
00438175-r,purposelessly,let's not purposelessly dispense the aid,adverb.manner
00438302-r,quaintly,the room was quaintly furnished,adverb.manner
00438424-r,quaintly,the old lady expressed herself somewhat quaintly,adverb.manner
00438569-r,qualitatively,this discoloration qualitatively suggests that the substance is low in inorganic iron,adverb.domain
00438741-r,quarterly,interest is compounded quarterly,adverb.frequency
00438873-r,quarterly,two coats of arms borne quarterly,adverb.manner
00438995-r,queasily,‘Do I have to remove the liver?’ the medical student asked queasily,adverb.manner
00439139-r,queerly,this money had been queerly come by,adverb.manner
00439274-r,queerly,a queerly inscribed sheet of paper,adverb.manner
00439469-r,unquestionably,Fred Winter is unquestionably the jockey to follow,adverb.speaker_oriented
00439469-r,unimpeachably,they hired unimpeachably first-rate faculty members,adverb.degree
00439689-r,questionably,these were estates his father questionably acquired,adverb.manner
00439869-r,quizzically,they looked quizzically at the doctor,adverb.manner
00440039-r,restfully,the streets are restfully sunny and still for the town is at mass,adverb.manner
00440193-r,quixotically,"sent to jail for two years, he has quixotically refused to clear himself by betraying his colleagues",adverb.subject_oriented
00440376-r,racily,racily vernacular language,adverb.manner
00440475-r,radially,an imaginative dispersal of the pews radially from the central focus of the pulpit,adverb.manner
00440634-r,radiantly,the bride smiled radiantly,adverb.manner
00440739-r,raggedly,"a long beard, raggedly cut",adverb.manner
00440888-r,raggedly,a stone wall trails raggedly through the woods,adverb.manner
00441018-r,raggedly,"I took the cigarette he offered, drawing at it raggedly",adverb.manner
00441150-r,rampantly,weeds grew rampantly around here,adverb.manner
00441365-r,raving,raving mad,adverb.degree
00441443-r,ravishingly,she was ravishingly beautiful,adverb.degree
00441580-r,reassuringly,the prime minister pointed reassuringly to the silence of the British press,adverb.manner
00441902-r,reflectively,he watched her reflectively,adverb.manner
00442014-r,refreshingly,she was refreshingly free from shyness,adverb.speaker_oriented
00442143-r,refreshingly,the air was refreshingly cool,adverb.degree
00442305-r,regally,a regally appropriate representative,adverb.domain
00442505-r,reminiscently,she spoke reminiscently of her days in college,adverb.manner
00442638-r,remotely,it is remotely possible,adverb.degree
00442738-r,remotely,"when the measured speech of the chorus passes over into song the tones are, remotely but unmistakably, those taught by the orthodox liturgy",adverb.degree
00442936-r,repellently,repellently fat,adverb.degree
00443066-r,repetitively,this type of border display is used repetitively in advertising,adverb.frequency
00443214-r,reputedly,fish with reputedly poisonous flesh,adverb.speaker_oriented
00443329-r,resentfully,"the best doctors would stay resentfully out of the national service, refusing to become the minions of a Minister",adverb.manner
00443892-r,resoundingly,he then so resoundingly denounced his former friend,adverb.manner
00444111-r,respectably,the film ends with the middle-aged romancers respectably married,adverb.manner
00444277-r,respectably,he did respectably well for his age,adverb.degree
00444433-r,restrictively,this relative clause is used restrictively,adverb.manner
00444562-r,retail,I'll sell it to you retail only,adverb.manner
00444667-r,wholesale,I can sell it to you wholesale,adverb.manner
00444856-r,reticently,she answered the questions reticently,adverb.manner
00445141-r,vindictively,he plotted vindictively against his former superiors,adverb.manner
00445354-r,reverently,he gazed reverently at the handiwork,adverb.manner
00445617-r,rhetorically,‘What can be done?’ he asked rhetorically,adverb.manner
00445841-r,righteously,righteously indignant,adverb.manner
00445963-r,unrighteously,he acted unrighteously,adverb.manner
00446091-r,riskily,he lost the game by playing too riskily,adverb.manner
00446217-r,roaring,roaring drunk,adverb.degree
00446279-r,robustly,he was robustly built,adverb.manner
00446377-r,roguishly,he winked at her roguishly,adverb.manner
00446492-r,roguishly,he roguishly intended to keep the money,adverb.subject_oriented
00446613-r,romantically,they were romantically linked,adverb.manner
00446725-r,spaciously,the furniture was spaciously spread out,adverb.manner
00446868-r,rotationally,"the required influence lines are found by subjecting the model to small displacements horizontally, vertically and rotationally",adverb.manner
00447080-r,sonorously,"the congregation consisted chiefly of a few young folk, who snored sonorously",adverb.manner
00447267-r,round-arm,he hit the ball round-arm,adverb.manner
00447380-r,rowdily,the crowd got drunk and started to behave rowdily,adverb.manner
00447534-r,ruinously,ruinously high wages,adverb.degree
00447656-r,ruthlessly,the government has been urged to take immediate action to deal ruthlessly with the strikers,adverb.manner
00447828-r,sarcastically,"‘Ah, now we're getting at the truth,’ he interposed sarcastically",adverb.manner
00448011-r,sanctimoniously,she was sanctimoniously criticizing everybody,adverb.manner
00448184-r,scandalously,you behaved scandalously when you walked out of that meeting!,adverb.manner
00448330-r,scathingly,she criticized him scathingly,adverb.manner
00448486-r,sceptically,he looked at her sceptically,adverb.manner
00448628-r,schematically,schematically outlined,adverb.manner
00448735-r,scorching,it was scorching hot,adverb.degree
00448839-r,screamingly,screamingly funny,adverb.degree
00448938-r,scurrilously,one paper scurrilously described how Edward was neglecting a bereaved mother to dance attendance on Wally,adverb.manner
00449130-r,searchingly,"‘Are you really happy with him?’ asked her mother, gazing at Vera searchingly",adverb.manner
00449290-r,seasonally,prices are seasonally adjusted,adverb.domain
00449471-r,seaward,the sailor looked seaward,adverb.spatial
00449581-r,second-best,he came off second-best,adverb.manner
00450023-r,seductively,she smiled at him seductively,adverb.manner
00450175-r,selectively,we choose our students very selectively,adverb.manner
00450311-r,self-consciously,the little girl self-consciously recited the poem,adverb.manner
00450486-r,unselfconsciously,"they were naked, unshy, and unselfconsciously beautiful",adverb.manner
00450751-r,sensationally,in the summer of 1958 the pianist had a sensationally triumphant return,adverb.degree
00450909-r,senselessly,these innocent bystanders were senselessly killed,adverb.manner
00451059-r,sensuously,sensuously delighting in the wine and food,adverb.manner
00451201-r,voluptuously,he sniffed the perfume voluptuously,adverb.manner
00451334-r,sensually,the belly dancer moved sensually among the tables,adverb.manner
00451502-r,sentimentally,"‘I miss the good old days,’ she added sentimentally",adverb.manner
00451818-r,separably,the two ideas were considered separably,adverb.manner
00451982-r,inseparably,these two are inseparably linked,adverb.manner
00452127-r,serenely,"I had the feeling that he was waiting, too — serenely patient",adverb.manner
00452275-r,sevenfold,the population of this village increased sevenfold in the past 100 years,adverb.degree
00452540-r,severally,the clothes were hung severally,adverb.manner
00452646-r,shabbily,the two were haggling shabbily in the drawing-room,adverb.manner
00452786-r,shabbily,a shabbily dressed man,adverb.manner
00452917-r,shaggily,shaggily unkempt mane,adverb.manner
00453015-r,shakily,"‘I — I'm going to make you a cup of tea’, she explained shakily",adverb.manner
00453184-r,shakily,this theory is rather shakily supported by some obscure data,adverb.manner
00453487-r,shamefacedly,"quarrels and dissensions ensued among the cast, most of whom hurriedly and shamefacedly handed over their parts to understudies",adverb.manner
00453699-r,shapelessly,the dress hung shapelessly on her thin body,adverb.manner
00453825-r,sheepishly,sheepishly he handed her back the money,adverb.manner
00453945-r,sheer,he fell sheer into the water,adverb.manner
00454106-r,shiftily,he looked at his new customer shiftily,adverb.manner
00454221-r,shockingly,"One day, she lost her temper, completely, suddenly and, even to herself, shockingly",adverb.speaker_oriented
00454436-r,shockingly,teachers were shockingly underpaid,adverb.degree
00454522-r,shockingly,they behaved shockingly at the funeral,adverb.manner
00454631-r,shoddily,a shoddily built house,adverb.manner
00454631-r,shoddily,he treated her shoddily,adverb.manner
00454757-r,short,I was caught short,adverb.temporal
00454841-r,short,She took him up short before he could continue,adverb.manner
00454943-r,short,he fell short of our expectations,adverb.degree
00455064-r,short,the car's axle snapped short,adverb.manner
00455142-r,short,he made his fortune by selling short just before the crash,adverb.manner
00455466-r,sidesaddle,she rode sidesaddle,adverb.manner
00455555-r,broadside,the train hit the truck broadside,adverb.manner
00455555-r,broadside,the wave caught the canoe broadside and capsized it,adverb.manner
00455713-r,sidelong,darting eyes looking sidelong out of a wizened face,adverb.manner
00455985-r,sidelong,the plow lay sidelong on the ground,adverb.manner
00456072-r,sideward,turn the figure sideward,adverb.manner
00456164-r,sideways,the car slipped sideways into the ditch,adverb.manner
00456164-r,sideways,leaning sideways,adverb.spatial
00456164-r,sidewise,a figure moving sidewise in the shadows,adverb.manner
00456343-r,sideways,a picture lit sideways,adverb.manner
00456343-r,sidewise,scenes viewed sidewise,adverb.manner
00456477-r,sideways,turned sideways to show the profile,adverb.spatial
00456477-r,sidewise,crabs seeming to walk sidewise,adverb.manner
00456645-r,signally,signally inappropriate methods,adverb.degree
00456780-r,signally,a term that is used signally rather than symbolically,adverb.manner
00456885-r,silkily,the young wheat shone silkily,adverb.manner
00456885-r,silkily,"‘Darling,’ she said silkily",adverb.manner
00457163-r,single-handedly,I built this house single-handedly,adverb.manner
00457366-r,singularly,Lord T. was considered singularly licentious even for the courts of Russia and Portugal; he acquired three wives and fourteen children during his Portuguese embassy alone,adverb.degree
00457641-r,sixfold,the population of this town increased sixfold when gold was found in the surrounding hills,adverb.degree
00457913-r,sketchily,he explained sketchily,adverb.manner
00457913-r,sketchily,the dishes were only sketchily washed,adverb.manner
00458066-r,skillfully,"fragments of a nearly complete jug, skillfully restored at the institute of archaeology",adverb.manner
00458236-r,skimpily,a skimpily dressed woman,adverb.manner
00458236-r,scantily,scantily clad,adverb.degree
00458383-r,sparsely,sparsely inhabited,adverb.degree
00458383-r,sparsely,his beard grew sparsely,adverb.manner
00458502-r,skittishly,the horse pranced around skittishly,adverb.manner
00458618-r,sky-high,prices have gone sky-high,adverb.degree
00458618-r,sky-high,garbage was piled sky-high,adverb.degree
00458618-r,sky-high,the men were flung sky-high by the explosion,adverb.spatial
00458782-r,sky-high,he extolled her virtues sky-high,adverb.degree
00458908-r,sky-high,they blew the bridge sky-high,adverb.degree
00458908-r,sky-high,the committee blew the thesis sky-high,adverb.degree
00459252-r,slangily,he expresses himself slangily,adverb.manner
00459586-r,slam-bang,the pans fell slam-bang and woke the whole house,adverb.manner
00459843-r,slapdash,the shelves were put up slapdash,adverb.manner
00459960-r,slap-bang,it hit slap-bang in the middle,adverb.degree
00460055-r,slavishly,his followers slavishly believed in his new diet,adverb.manner
00460182-r,sleekly,the wet road was shining sleekly,adverb.manner
00460296-r,sleepily,the two children who were snuggled sleepily in the back of the car,adverb.manner
00460439-r,sleeplessly,he was lying in bed sleeplessly,adverb.manner
00460568-r,slenderly,a slenderly built woman,adverb.manner
00460568-r,slightly,slightly built,adverb.degree
00460908-r,sloppily,this work was done rather sloppily,adverb.manner
00461019-r,slouchingly,he stood slouchingly at the garden gate,adverb.manner
00461134-r,slouchily,slouchily dressed,adverb.manner
00461230-r,smash,the car went smash through the fence,adverb.manner
00461334-r,smilingly,the girl reminded her smilingly of their childhood spent together,adverb.manner
00461643-r,smugly,the bureaucrats explained smugly that the facts provided by their own experts show no cause for concern,adverb.manner
00461921-r,snappishly,"‘Don't talk to me now,’ she said snappishly",adverb.manner
00462062-r,sneakingly,I always felt sneakingly that I wanted to be a concert pianist,adverb.degree
00462203-r,sneeringly,"‘I don't believe in these customs,’ he said sneeringly",adverb.manner
00462432-r,snobbishly,they snobbishly excluded their less wealthy friends from the party,adverb.manner
00462902-r,unsociably,the new neighbors behave quite unsociably,adverb.manner
00463045-r,sociologically,"sociologically speaking, this is an interesting phenomenon",adverb.domain
00463192-r,solicitously,‘Don't you feel well?’ his mother asked solicitously,adverb.manner
00463343-r,solitarily,a hermit chooses to live solitarily,adverb.manner
00463450-r,somberly,"‘That's sure bad news,’ said Dowd, somberly",adverb.manner
00463581-r,soothingly,the mother talked soothingly to her child,adverb.manner
00463703-r,dripping,dripping wet,adverb.degree
00463703-r,soaking,soaking wet,adverb.degree
00463915-r,sorely,I missed him sorely,adverb.degree
00463915-r,sorely,we were sorely taxed to keep up with them,adverb.degree
00464697-r,soullessly,they were soullessly grubbing for profit,adverb.manner
00464818-r,soundlessly,he stood up soundlessly and speechlessly and glided across the hallway and through a door,adverb.manner
00465016-r,sourly,he complained sourly that the new rules only benefitted the managers,adverb.manner
00465157-r,southerly,a wind blew southerly,adverb.spatial
00465252-r,southerly,the ship turned southerly,adverb.spatial
00465378-r,spasmodically,I began to write intermittently and spasmodically,adverb.manner
00465509-r,spasmodically,"the mouth was slightly open, and jerked violently and spasmodically at one corner",adverb.manner
00465770-r,spectrographically,the speech spectrum was displayed spectrographically,adverb.manner
00465914-r,speechlessly,he stood up soundlessly and speechlessly and glided across the hallway and through a door,adverb.manner
00466082-r,spirally,spirally fluted handles,adverb.manner
00466398-r,unsuspectingly,he was sitting unsuspectingly beyond that wall only a few yards from the burglar,adverb.manner
00466561-r,spotlessly,spotlessly clean,adverb.degree
00466658-r,trimly,he was trimly attired,adverb.manner
00466752-r,spuriously,the lawyer argued spuriously that his client knew nothing of the burglary,adverb.manner
00466916-r,squeamishly,"‘I would rather not touch,’ he said squeamishly",adverb.manner
00467046-r,theatrically,"‘I cannot show my face at her house,’ he declared theatrically",adverb.manner
00467379-r,stark,stark mad,adverb.degree
00467379-r,stark,mouth stark open,adverb.degree
00467456-r,starkly,in starkly realistic terms,adverb.degree
00467557-r,starkly,the black walls rose starkly from the snow,adverb.manner
00467685-r,starkly,He was starkly unable to achieve coherence,adverb.degree
00467802-r,startlingly,a startlingly modern voice,adverb.degree
00467911-r,statutorily,placed statutorily under the council's supervision,adverb.domain
00468043-r,staunchly,he staunchly defended his principles,adverb.manner
00468169-r,steeply,the street rose steeply up to the castle,adverb.manner
00468371-r,stertorously,he was breathing stertorously,adverb.manner
00468495-r,stickily,he felt the blood move stickily from his split scalp and trickle down his forehead,adverb.manner
00468690-r,stiff,bored stiff,adverb.degree
00468690-r,stiff,frightened stiff,adverb.degree
00468768-r,stiltedly,she answered him stiltedly,adverb.manner
00468873-r,chintzily,their rich uncle treated them rather chintzily,adverb.manner
00469054-r,stirringly,he talked stirringly about his days during the war,adverb.manner
00469185-r,stochastically,we estimated the answer stochastically,adverb.manner
00469307-r,still,he sat still as a statue,adverb.manner
00469307-r,still,time stood still,adverb.manner
00469307-r,stock-still,they waited stock-still outside the door,adverb.manner
00469307-r,still,he couldn't hold still any longer,adverb.manner
00469534-r,straightway,plunged straightway to the rocks below,adverb.temporal
00469634-r,straightway,straightway the clouds began to scatter,adverb.temporal
00469724-r,thereabouts,he stayed in London or thereabouts for several weeks,adverb.spatial
00469848-r,thereabouts,come at noon or thereabouts,adverb.temporal
00470062-r,thereof,a problem and the solution thereof,adverb.conjunctive
00470165-r,thereon,text and commentary thereon,adverb.spatial
00470257-r,thereto,with all the appurtenances fitting thereto,adverb.conjunctive
00470656-r,stockily,he was stockily built,adverb.manner
00470754-r,stoically,he stoically accepted all suffering,adverb.manner
00470883-r,stonily,stonily indifferent to time,adverb.manner
00470985-r,strategically,strategically important decisions,adverb.domain
00471105-r,stridently,the cheap clock ticked stridently,adverb.manner
00471219-r,stringently,the laws are stringently enforced,adverb.manner
00471219-r,stringently,stringently controlled,adverb.manner
00471390-r,stuffily,"‘Come in please,’ he said stuffily",adverb.manner
00471530-r,stupendously,stupendously ignorant people,adverb.degree
00471643-r,sturdily,feet sturdily apart,adverb.manner
00471739-r,stylishly,she was dressed very stylishly,adverb.manner
00471848-r,stylistically,stylistically complex,adverb.domain
00471967-r,suavely,he is suavely charming and all the ladies love him,adverb.manner
00472106-r,sublimely,"it is an enormous, fruit-packed wine, smelling sublimely of ripe blackcurrants",adverb.manner
00472327-r,subtly,"late nineteenth-century French opera at its most beautiful, subtly romantic with a twilight melancholy",adverb.degree
00472504-r,romantically,she fantasized romantically about eloping with her boyfriend,adverb.manner
00472843-r,sulkily,‘What else could I do?’ said Graham sulkily,adverb.manner
00472961-r,summarily,the suspected spy was summarily executed,adverb.manner
00473325-r,superstitiously,superstitiously he refused to travel on Friday the 13th,adverb.subject_oriented
00473471-r,supinely,he called the tune to me and I supinely took it up,adverb.manner
00473613-r,supinely,she was stretched supinely on her back,adverb.manner
00473730-r,surreptitiously,he was watching her surreptitiously as she waited in the hotel lobby,adverb.manner
00473918-r,surpassingly,she was a surpassingly beautiful woman,adverb.degree
00474294-r,sweepingly,he sweepingly condemned the entire population of the country for the war crimes,adverb.manner
00474454-r,sweetly,Susan Hayward plays the wife sharply and sweetly,adverb.manner
00474454-r,sweet,talking sweet to each other,adverb.manner
00474799-r,synchronously,"in four-chambered hearts, the two auricles move synchronously",adverb.manner
00474961-r,synthetically,some of these drugs have been derived from opium and others have been produced synthetically,adverb.manner
00475152-r,tacitly,they are tacitly expected to work 10 hours a day,adverb.manner
00475301-r,tactfully,he stepped tactfully in to prevent trouble,adverb.manner
00475469-r,tactlessly,"at the moment of the murder, he is standing in front of television cameras and talking tactlessly",adverb.manner
00475679-r,tactically,the tactically useful province is still firmly in the rebels' hands,adverb.domain
00475829-r,tamely,the labour movement allowed itself to be run out of power tamely,adverb.manner
00475966-r,tangibly,virtue is tangibly rewarded,adverb.manner
00476072-r,tartly,"‘Never mind your immortal soul,’ she said tartly",adverb.manner
00476193-r,tastefully,the house was tastefully decorated,adverb.manner
00476348-r,tastelessly,the house was tastelessly decorated,adverb.manner
00476516-r,tastily,the meal was tastily cooked,adverb.manner
00476618-r,teasingly,"‘You hate things to be out of order, don't you?’ she said teasingly",adverb.manner
00476787-r,tautly,the rope was tautly stretched,adverb.manner
00476889-r,tearfully,the man confessed tearfully to having beaten his wife,adverb.manner
00477033-r,tersely,"a particular bird, exactly and tersely described in the book of birds",adverb.manner
00477225-r,telescopically,each of the four legs contains a simple screw jack with a thrust bearing that is operated telescopically inside of two tubes,adverb.manner
00477436-r,tellingly,the plain manner of its style all the more tellingly points up the horror of the case,adverb.manner
00477600-r,temperately,these preferences are temperately stated,adverb.manner
00477722-r,temperately,he used the privileges of his office temperately,adverb.manner
00477828-r,tendentiously,the paper reported rather tendentiously on the war atrocities,adverb.manner
00477976-r,tenderly,tenderly she placed her arms round him,adverb.manner
00478247-r,tetchily,‘Are you sure?’ he asked her tetchily,adverb.manner
00478533-r,theologically,the candidate was found theologically sound,adverb.domain
00478659-r,thermostatically,the temperature is thermostatically controlled,adverb.manner
00478811-r,threefold,our rent increased threefold in the past five years,adverb.degree
00479093-r,thick,misfortunes come fast and thick,adverb.frequency
00479191-r,thinly,thinly overgrown mountainside,adverb.degree
00479325-r,thickly,after a few drinks he was beginning to speak thickly,adverb.manner
00479490-r,thickly,spread 1/4 lb softened margarine or cooking fat fairly thickly all over the surface,adverb.manner
00479490-r,thickly,"we were visiting a small, thickly walled and lovely town with straggling outskirt",adverb.manner
00479767-r,thinly,spread the margarine thinly over the meat,adverb.manner
00479767-r,lightly,apply paint lightly,adverb.manner
00479945-r,thin,the blood was flowing thin,adverb.manner
00480070-r,thinly,smiled thinly,adverb.manner
00480171-r,thick,the blood was flowing thick,adverb.manner
00480306-r,thirstily,we drank thirstily from the bottle that was passed around,adverb.manner
00480442-r,thriftily,a used towel that he had used and had left thriftily on the ledge below the mirror rather than consign to the linen basket,adverb.manner
00480643-r,thriftlessly,he lives thriftlessly from day to day,adverb.manner
00480765-r,through,this bus goes through to New York,adverb.spatial
00480861-r,through,this cylinder measures 15 inches through,adverb.spatial
00480952-r,through,read this book through,adverb.degree
00481035-r,through,think this through very carefully!,adverb.degree
00481239-r,tip-top,the shoes fit me tip-top,adverb.degree
00481324-r,tiptoe,standing tiptoe,adverb.manner
00481497-r,tonelessly,"‘Come in,’ she said tonelessly",adverb.manner
00481601-r,topographically,the geological environment is the primary factor in determining the character of a country not only topographically but historically,adverb.domain
00481824-r,tortuously,tortuously haggling over the price,adverb.manner
00481981-r,touchily,he touchily refused all offers to help,adverb.manner
00482096-r,toughly,toughly vigorous story-telling,adverb.manner
00482326-r,transiently,these three pions may actually be joined together transiently as a compound particle during the interchange process,adverb.temporal
00482715-r,transparently,the red brilliance of the claret shines transparently in our glasses,adverb.manner
00482882-r,transparently,his transparently lucid prose,adverb.degree
00482882-r,transparently,his transparently deceitful behavior,adverb.degree
00483060-r,tremulously,the leaves rustled tremulously in the wind,adverb.manner
00483185-r,trenchantly,he defended his client's civil rights trenchantly,adverb.manner
00483330-r,tritely,tritely expressed emotions,adverb.manner
00483431-r,trivially,trivially motivated requests,adverb.manner
00483550-r,trivially,we can prove trivially that this theorem is false,adverb.manner
00483659-r,tropically,it was tropically hot in the greenhouse,adverb.degree
00483779-r,truculently,the boy looked up truculently at his teacher,adverb.manner
00483916-r,truculently,they strive for security by truculently asserting their own interests,adverb.manner
00484064-r,tumultuously,the crowd was demonstrating tumultuously,adverb.manner
00484231-r,turbulently,the river rolls turbulently boiling,adverb.manner
00484366-r,tutorially,undergraduates are better taught tutorially,adverb.manner
00484504-r,twofold,the price increased twofold last year,adverb.degree
00484790-r,unaccountably,"in the book, a tycoon unaccountably becomes the hero's friend",adverb.speaker_oriented
00484941-r,unchangeably,his views were unchangeably fixed,adverb.manner
00485173-r,inarguably,"you write as if this fact, whilst inarguably forever condemning me to the ranks of Bohemianism, nevertheless earned for me the right of entry into any company",adverb.speaker_oriented
00485492-r,unassumingly,she is unassumingly skeptical of her own work,adverb.manner
00485623-r,unattainably,this house is unattainably expensive,adverb.degree
00485809-r,unawares,rain caught them unawares,adverb.manner
00486012-r,unawares,came upon the diamond unawares,adverb.manner
00486125-r,unbearably,it was unbearably hot in the room,adverb.degree
00486260-r,unbeknownst,"unbeknownst to me, she made all the arrangements",adverb.speaker_oriented
00486391-r,unblushingly,his principal opponent unblushingly declared victory before the ballots had been counted,adverb.manner
00486558-r,uncannily,uncannily human robots,adverb.degree
00486660-r,uncertainly,he paused uncertainly,adverb.manner
00486999-r,uncommonly,a common remedy is uncommonly difficult to find,adverb.degree
00487210-r,unwantedly,he was unwantedly friendly,adverb.manner
00487353-r,uninvitedly,the women arrived uninvitedly,adverb.manner
00487539-r,unconcernedly,"war was breaking out in Europe, but she unconcernedly planned for a holiday",adverb.manner
00487702-r,uncontrollably,she laughed uncontrollably,adverb.manner
00488100-r,undeniably,she is undeniably the most gifted student in the class,adverb.speaker_oriented
00488265-r,under,see under for further discussion,adverb.spatial
00488355-r,under,get under quickly!,adverb.spatial
00488421-r,under,the sun went under,adverb.spatial
00488494-r,under,fifty dollars or under,adverb.degree
00488582-r,under,we must keep our disappointment under,adverb.spatial
00488707-r,under,their competitors went under,adverb.spatial
00488803-r,under,this will put the patient under,adverb.spatial
00488892-r,under,children six and under will be admitted free,adverb.degree
00488998-r,underarm,throwing a ball underarm,adverb.manner
00489115-r,underground,water flowing underground,adverb.spatial
00489216-r,underground,the organization was driven underground,adverb.spatial
00489606-r,underneath,we could see the original painting underneath,adverb.spatial
00489606-r,underneath,a house with a good foundation underneath,adverb.spatial
00489821-r,underneath,a chest of drawers all scratched underneath,adverb.spatial
00489957-r,unduly,she was unduly pessimistic about her future,adverb.degree
00490075-r,uneventfully,the space shuttle landed uneventfully,adverb.manner
00490198-r,ungrammatically,this child speaks ungrammatically,adverb.manner
00490341-r,grammatically,this child already speaks grammatically,adverb.manner
00490601-r,uninterruptedly,this pleasant state of affairs had continued peacefully and uninterruptedly for many years,adverb.manner
00490971-r,naturally,speak naturally and easily,adverb.manner
00491284-r,unreservedly,I can unreservedly recommend this restaurant!,adverb.degree
00491479-r,unscrupulously,she unscrupulously uses her charm to make men do what she wants,adverb.manner
00491705-r,unswervingly,the ship travelled unswervingly through the night,adverb.manner
00491868-r,unswervingly,an unswervingly loyal man,adverb.degree
00491990-r,untruly,"he silenced the whisperings which connected her, untruly and unfairly, with his separation from his wife",adverb.manner
00492170-r,unwarrantably,"in this painting, the relationship of the upper part of the body to the lower is uneasy and the right thigh seems unwarrantably stressed",adverb.manner
00492502-r,upcountry,they live upcountry,adverb.spatial
00492608-r,uphill,this street lay uphill,adverb.spatial
00492696-r,uphill,she was talking uphill,adverb.spatial
00492777-r,uppermost,the blade turned uppermost,adverb.spatial
00492876-r,uppermost,say what comes uppermost,adverb.spatial
00493074-r,honorably,he acted honorably,adverb.manner
00493222-r,dishonorably,he acted dishonorably,adverb.manner
00493348-r,urbanely,"‘I had tea occasionally with the Duke,’ said Mr. Eggers urbanely",adverb.manner
00493490-r,usefully,extra money could be usefully spent on this project,adverb.manner
00493636-r,uselessly,the furniture was sitting around uselessly,adverb.manner
00493775-r,uxoriously,he kept deferring uxoriously to Mary,adverb.manner
00493903-r,vacantly,she was staring vacantly into the room,adverb.manner
00494093-r,valiantly,he fought valiantly until the end,adverb.manner
00494248-r,validly,this may not validly be done,adverb.manner
00494366-r,vapidly,a vapidly smiling salesman,adverb.manner
00494467-r,variably,it will be variably cloudy,adverb.manner
00494612-r,vehemently,he vehemently denied the accusations against him,adverb.manner
00494741-r,verbosely,she explained her ideas verbosely,adverb.manner
00494943-r,verily,I verily think so,adverb.degree
00495098-r,vicariously,she enjoyed the wedding vicariously,adverb.manner
00495346-r,vilely,his vilely spelt and illiterate letters,adverb.manner
00495458-r,virulently,an old woman advanced a few paces to shake her fist virulently in my face,adverb.manner
00495692-r,vivaciously,he describes his adventures vivaciously,adverb.manner
00495806-r,voluptuously,a voluptuously curved woman,adverb.manner
00495930-r,voraciously,she reads voraciously,adverb.manner
00496043-r,voyeuristically,he sneaks voyeuristically around the swimming pool,adverb.manner
00496326-r,waist-high,the water rose waist-high,adverb.degree
00496422-r,wanly,she was smiling wanly,adverb.manner
00496534-r,wantonly,the animals were killed wantonly for sport,adverb.manner
00496720-r,weightily,she moved weightily,adverb.manner
00496822-r,weightily,the speech was weighty and it was weightily delivered,adverb.manner
00496954-r,whacking,a whacking good story,adverb.degree
00497025-r,wheezily,he talked wheezily,adverb.manner
00497146-r,wholeheartedly,he adopted wholeheartedly some of the policies that he had previously criticized,adverb.manner
00497327-r,wholesomely,"the papers we found shed some valuable light on this question, wholesomely contradicting all lies",adverb.manner
00497722-r,wide,wandered wide through many lands,adverb.degree
00497722-r,widely,he traveled widely,adverb.degree
00497722-r,widely,her work is widely known,adverb.degree
00497941-r,wide,stand with legs wide apart,adverb.degree
00497941-r,wide,ran wide around left end,adverb.spatial
00498056-r,wide,the arrow went wide of the mark,adverb.spatial
00498056-r,astray,a bullet went astray and killed a bystander,adverb.manner
00498208-r,wide,open your eyes wide,adverb.degree
00498208-r,wide,with the throttle wide open,adverb.degree
00498325-r,willfully,she had willfully deceived me,adverb.manner
00498462-r,wishfully,he wishfully indulged in dreams of fame,adverb.manner
00498753-r,witheringly,guns fired witheringly at the railroad cars,adverb.manner
00498879-r,wittily,he would wittily chime into our conversation,adverb.manner
00499160-r,worriedly,"‘I wonder what to do,’ she said worriedly",adverb.manner
00499160-r,worriedly,he paused worriedly before calling the bank,adverb.manner
00499496-r,wrathfully,"he looked at her, not wrathfully now, but quizzically",adverb.manner
00499630-r,wretchedly,"‘I can't remember who I am,’ I said, wretchedly",adverb.manner
00499860-r,youthfully,he is still youthfully enthusiastic,adverb.manner
00499976-r,zealously,she worked zealously to raise funds for the literacy project,adverb.manner
00500115-r,zestfully,she scrubbed the floors of the new apartment zestfully,adverb.manner
00500266-r,zigzag,birds flew zigzag across the blue sky,adverb.manner
00500585-r,between,dancing all the dances with little rest between,adverb.temporal
00500697-r,aloft,weather conditions aloft are fine,adverb.spatial
00500808-r,aloft,eagles were soaring aloft,adverb.spatial
00500808-r,aloft,dust is whirled aloft,adverb.spatial
00500945-r,blamelessly,she had lived blamelessly until she met this man,adverb.manner
00501202-r,aloft,the good news sent her spirits aloft,adverb.spatial
00501282-r,aloft,climbed aloft to unfurl the sail,adverb.spatial
00501406-r,circumstantially,the account was circumstantially accurate,adverb.domain
00501538-r,circumstantially,he was convicted circumstantially,adverb.manner
00501909-r,convexly,bulging out convexly,adverb.manner
00502021-r,concavely,shaped concavely,adverb.manner
00502302-r,defectively,this machine functions only defectively,adverb.manner
00502754-r,floridly,floridly figurative prose,adverb.degree
00502856-r,half-price,she bought it half-price during the sale,adverb.manner
00503666-r,distinctively,the distinctively conservative district of the county,adverb.degree
00503820-r,philosophically,the movement is philosophically indebted to Rousseau,adverb.domain
00503964-r,vanishingly,errors are vanishingly rare,adverb.degree
00504070-r,inaugurally,the mayor inaugurally drove the spade into the ground,adverb.manner
00504204-r,in,come in,adverb.spatial
00504204-r,in,smash in the door,adverb.spatial
00504312-r,unquestioningly,he followed his leader unquestioningly,adverb.manner
00504442-r,theretofore,they had not done any work theretofore,adverb.temporal
00504539-r,demandingly,he became demandingly dominant over the years,adverb.manner
00504667-r,heavily,a heavily constructed car,adverb.degree
00504667-r,heavily,heavily armed,adverb.degree
00504802-r,specially,a specially arranged dinner,adverb.manner
00504939-r,gently,he talked gently to the injured animal,adverb.manner
00505079-r,haggardly,she looked haggardly out of her tent,adverb.manner
00505194-r,sharply,the road twists sharply after the light,adverb.manner
00505194-r,sharp,turn sharp left here,adverb.manner
00505194-r,acutely,the visor was acutely peaked,adverb.degree
00505194-r,acutely,her shoes had acutely pointed toes,adverb.degree
00505462-r,madly,she fought back madly,adverb.manner
00505596-r,smolderingly,"‘I can't wait,’ she answered smolderingly",adverb.manner
00505761-r,dandily,she had shown her talents dandily,adverb.manner
00506401-r,softly,she smiled softly,adverb.manner
00506499-r,immediately,he passed immediately behind her,adverb.spatial
00506609-r,immediately,this immediately concerns your future,adverb.manner
00506737-r,directly,these two factors are directly related,adverb.manner
00506737-r,directly,he was directly responsible,adverb.degree
00506737-r,directly,measured the physical properties directly,adverb.manner
00507174-r,expansively,she managed to live rather expansively on her modest income,adverb.manner
00507330-r,homogeneously,the students at this college are homogeneously middle-class,adverb.manner
00507682-r,close,he remained close on his guard,adverb.degree
00507808-r,naturally,he was naturally lazy,adverb.degree
00508084-r,causally,causally efficacious powers,adverb.domain
00508189-r,fearfully,they were fearfully attacked,adverb.degree
00508512-r,calculatingly,he looked at her calculatingly,adverb.manner
00508629-r,magnetically,magnetically contaminated material,adverb.domain
00508875-r,widely,widely separated,adverb.degree
00508975-r,insignificantly,some people living insignificantly among us,adverb.manner
00509110-r,fatally,he was fatally ill equipped for the climb,adverb.degree
00509248-r,overboard,he went overboard to please his in-laws,adverb.degree
00509340-r,desperately,the child clung desperately to her mother,adverb.manner
00509461-r,first,I was here first,adverb.temporal
00509461-r,first,let's do this job first,adverb.temporal
00509586-r,outstandingly,she was outstandingly successful in her profession,adverb.degree
00509752-r,tunelessly,he whistled tunelessly,adverb.manner
00509856-r,deliberately,she was working deliberately,adverb.manner
00510010-r,heavily,he walked heavily up the three flights to his room,adverb.manner
00510142-r,mellowingly,the rays of the sun struck the earth mellowingly,adverb.manner
00510249-r,yesterday,yesterday the weather was beautiful,adverb.temporal
00510460-r,together,we went to the movies together,adverb.manner
00510460-r,together,the family that prays together stays together,adverb.manner
00510603-r,after,and Jill came tumbling after,adverb.spatial
00510690-r,later,he stayed later than you did,adverb.temporal
00510900-r,unblinkingly,the convicted killer listened unblinkingly to the reading of his sentence,adverb.manner
00511054-r,luxuriously,she sprawled out luxuriously on the sofa,adverb.manner
00511190-r,heavily,she hit her arm heavily against the wall,adverb.manner
00511304-r,loweringly,he looked up loweringly,adverb.manner
00511417-r,aggravatingly,his hair was caught aggravatingly in the branches of the tree,adverb.speaker_oriented
00511567-r,lightly,one cannot say such things lightly,adverb.manner
00511678-r,quaveringly,the man began quaveringly to question the soldier,adverb.manner
00511965-r,straight,the road runs straight,adverb.manner
00512066-r,painfully,she moved painfully forward,adverb.manner
00512066-r,sorely,sorely wounded,adverb.degree
00512235-r,painlessly,"after the surgery, she could move her arms painlessly",adverb.manner
00512379-r,best,father knows best,adverb.degree
00512503-r,significantly,the two groups differed significantly,adverb.degree
00513028-r,soughingly,the branches of the trees moved soughingly in the breeze,adverb.manner
00513282-r,very,on the very next page,adverb.degree
00513282-r,very,he expected the very opposite,adverb.degree
00514014-r,loosely,a union of loosely federated states,adverb.manner
00514106-r,positively,she intended her remarks to be interpreted positively,adverb.manner
00514262-r,literatim,the message was transcribed literatim,adverb.manner
00514450-r,northeastward,the river flows northeastward to the gulf,adverb.spatial
00514743-r,southeastward,the river flows southeastward to the gulf,adverb.spatial
00515407-r,canonically,the deacon was canonically inducted,adverb.manner
00515525-r,cognitively,cognitively skillful,adverb.domain
00516883-r,logogrammatically,Chinese is written logogrammatically,adverb.manner
00517314-r,radioactively,radioactively labeled,adverb.manner
00517501-r,sidearm,he prefers to throw sidearm,adverb.manner
00517831-r,stably,the death rate in Russia has been stably high,adverb.manner
00517962-r,stably,the boulder was balanced stably at the edge of the canyon,adverb.manner
00518106-r,suggestively,she smiled suggestively,adverb.manner
00518447-r,synonymously,the two terms are used synonymously,adverb.manner
00518567-r,taxonomically,closely related taxonomically,adverb.domain
00518934-r,wafer-thin,it was cut wafer-thin,adverb.manner
00519025-r,wrongfully,the employee claimed that she was wrongfully dismissed,adverb.manner
00519025-r,wrongfully,people who were wrongfully imprisoned should be released,adverb.manner
00519229-r,hollowly,her footsteps echoed hollowly in the empty hall,adverb.manner
00519229-r,hollowly,his insincere words hung hollowly between them,adverb.manner
00519841-r,insufferably,it was insufferably hot in the room,adverb.degree
81484980-r,suddenly,he stopped suddenly,adverb.manner
81484980-r,suddenly,suddenly she felt a sharp pain in her side,adverb.temporal
81484980-r,suddenly,he made up his mind suddenly,adverb.temporal
