synset,adverb,sentence,definition,type
00001740-r,a cappella,they performed a cappella,without musical accompaniment,
00001740-r,a capella,they performed a cappella,without musical accompaniment,
00003675-r,anisotropically,,in an anisotropic manner,
00003761-r,annoyingly,,in an annoying manner or to an annoying degree,
00004152-r,blessedly,,in a blessed manner,
00005834-r,unabashedly,"unabashedly, he asked for more",in an unabashed manner,
00006415-r,grossly,,in a gross manner,
00012509-r,isotropically,,in an isotropic manner,
00015830-r,satisfactorily,,in a satisfactory manner,
00016322-r,prosperously,,in the manner of prosperous people,
00018343-r,even as,even as he lay dying they argued over his estate,at the same time as,
00018343-r,just as,even as he lay dying they argued over his estate,at the same time as,
00018727-r,e'en,,even,
00020362-r,con brio,allegro con brio,(music) with vigor,
00020474-r,conjecturally,,in a manner involving or inclined to conjecture and supposition,
00021131-r,coterminously,,in a coterminous manner,
00022855-r,long ago,We met once long ago,of the distant or comparatively distant past,
00022855-r,long since,We met once long ago,of the distant or comparatively distant past,
00022855-r,lang syne,We met once long ago,of the distant or comparatively distant past,
00022855-r,langsyne,We met once long ago,of the distant or comparatively distant past,
00023171-r,pretty much,we were pretty much lost when we met the forest ranger,to some degree,
00023622-r,paradoxically,"paradoxically, ice ages seem to occur when the sun gets hotter",in a paradoxical manner,
00023771-r,parasitically,,in a parasitic manner,
00023852-r,conformably,,in a conformable manner,
00024234-r,pathogenically,,in a pathogenic manner,
00024715-r,no,"no, you are wrong",used to express refusal or denial or disagreement etc. or especially to emphasize a negative statement,
00026470-r,high and low,searched high and low,everywhere,
00026948-r,anyhow,"Anyhow, he is dead now",used to indicate that a statement explains or supports a previous statement,
00026948-r,anyway,"Anyhow, he is dead now",used to indicate that a statement explains or supports a previous statement,
00026948-r,anyways,"Anyhow, he is dead now",used to indicate that a statement explains or supports a previous statement,
00026948-r,in any case,"Anyhow, he is dead now",used to indicate that a statement explains or supports a previous statement,
00026948-r,at any rate,"Anyhow, he is dead now",used to indicate that a statement explains or supports a previous statement,
00026948-r,in any event,"Anyhow, he is dead now",used to indicate that a statement explains or supports a previous statement,
00027470-r,as it is,"he might have been killed; as it is, he was severely injured",in the actual state of affairs and often contrary to expectations,
00029193-r,however,"the first part was easy; the second, however, took hours",by contrast; on the other hand,
00029433-r,besides,"I don't want to go to a restaurant; besides, we can't afford it",making an additional point; anyway,
00029433-r,in any case,"I don't want to go to a restaurant; besides, we can't afford it",making an additional point; anyway,
00029674-r,fugally,,in a fugal style,
00029763-r,furthermore,"computer chess games are getting cheaper all the time; furthermore, their quality is improving",denoting additional information,
00029763-r,moreover,"computer chess games are getting cheaper all the time; furthermore, their quality is improving",denoting additional information,
00029763-r,what is more,"computer chess games are getting cheaper all the time; furthermore, their quality is improving",denoting additional information,
00029763-r,in addition,"computer chess games are getting cheaper all the time; furthermore, their quality is improving",denoting additional information,
00031610-r,futilely,,in a futile and unproductive manner,
00031911-r,no longer,she is no more,not now,
00031911-r,no more,she is no more,not now,
00033624-r,hereunder,,under the terms of this agreement,
00034050-r,a bit,it's a bit warm,to a small degree; somewhat,
00034050-r,a little,it's a bit warm,to a small degree; somewhat,
00034050-r,a trifle,it's a bit warm,to a small degree; somewhat,
00034524-r,ASAP,,as soon as possible,
00035133-r,spiritedly,,in a spirited or lively manner; with animation and vivacity,
00035249-r,sportively,,in a merry sportive manner,
00035332-r,stormily,,in a stormy or violent manner,
00035332-r,turbulently,,in a stormy or violent manner,
00035332-r,passionately,,in a stormy or violent manner,
00035642-r,oftener,,more often or more frequently,
00037166-r,intrinsically,this statement is interesting per se,with respect to its inherent nature,
00037166-r,per se,this statement is interesting per se,with respect to its inherent nature,
00037166-r,in and of itself,this statement is interesting per se,with respect to its inherent nature,
00037864-r,indeed,Wants to marry the butler? Indeed!,(used as an interjection) an expression of surprise or skepticism or irony etc.,
00038270-r,in the lurch,he resigned and left me in the lurch,in a difficult or vulnerable position,
00038658-r,forsooth,,an archaic word originally meaning ‘in truth’ but now usually used to express disbelief,
00038782-r,in utero,the child was infected in utero from the mother,in the uterus,
00038883-r,in vacuo,,in a vacuum,
00038931-r,in vacuo,,in isolation and without reference to anything else,
00039019-r,naturally,"naturally, the lawyer sent us a huge bill",as might be expected,
00039019-r,of course,"naturally, the lawyer sent us a huge bill",as might be expected,
00039019-r,course,"naturally, the lawyer sent us a huge bill",as might be expected,
00039611-r,unclearly,,in a manner that is unclear,
00040906-r,withal,,together with this,
00041131-r,unexpectedly,her brother showed up at the wedding out of the blue,in a way that was not expected,
00041131-r,out of the blue,her brother showed up at the wedding out of the blue,in a way that was not expected,
00041294-r,out of the way,put that box out of the way so that no one trips on it,so as not to obstruct or hinder,
00041426-r,out of the way,the mob boss wanted his rival out of the way,murdered,
00041525-r,out of the way,,in a remote location or at a distance from the usual route,
00041626-r,out of the way,,improper; amiss,
00041684-r,out of the way,such erratic behavior was out of the way for him,extraordinary; unusual,
00041802-r,off the beaten track,"in order to experience something different, you need to go off the beaten path",not along the usual route,
00041802-r,off the beaten path,"in order to experience something different, you need to go off the beaten path",not along the usual route,
00041980-r,in the way,"she might have succeeded in her ambition, had not circumstances been in her way","forming a hindrance, impediment, or obstruction",
00041980-r,in someone's way,"she might have succeeded in her ambition, had not circumstances been in her way","forming a hindrance, impediment, or obstruction",
00042364-r,generally,he is interested in snakes in general,without distinction of one from others,
00042364-r,in general,he is interested in snakes in general,without distinction of one from others,
00042364-r,in the main,he is interested in snakes in general,without distinction of one from others,
00043757-r,ergo,,(used as a sentence connector) therefore or consequently,
00043931-r,hence,get thee hence!,from this place,
00044804-r,face to face,the boy and the policeman suddenly came face-to-face at the corner,involving close contact; confronting each other,
00045694-r,tete a tete,we talked tete-a-tete,without the intrusion of a third person; in intimate privacy,
00045819-r,if not,will yield 10% if not more,perhaps; indicating possibility of being more remarkable (greater or better or sooner) than,
00047083-r,beyond measure,amazed beyond measure,in excess or without limit,
00047594-r,by far,she was by far the smartest student,by a considerable margin,
00047594-r,far and away,she was by far the smartest student,by a considerable margin,
00047594-r,out and away,she was by far the smartest student,by a considerable margin,
00047777-r,head and shoulders above,in intelligence he was head and shoulders above the others in his class,outstandingly superior to,
00048676-r,finally,,after an unspecified period of time or an especially long delay,
00048676-r,eventually,,after an unspecified period of time or an especially long delay,
00050296-r,now,Now the next problem is …,(prefatory or transitional) indicates a change of subject or activity,
00050427-r,now now,,interjection of rebuke,
00053542-r,very well,,an expression of agreement normally occurring at the beginning of a sentence,
00053542-r,fine,,an expression of agreement normally occurring at the beginning of a sentence,
00053542-r,alright,,an expression of agreement normally occurring at the beginning of a sentence,
00053542-r,all right,,an expression of agreement normally occurring at the beginning of a sentence,
00053542-r,OK,,an expression of agreement normally occurring at the beginning of a sentence,
00053690-r,all right,it's expensive all right,without doubt (used to reinforce an assertion),
00053690-r,alright,it's expensive all right,without doubt (used to reinforce an assertion),
00054490-r,presumably,"presumably, he missed the train",by reasonable assumption,
00054490-r,presumptively,"presumably, he missed the train",by reasonable assumption,
00054865-r,for the moment,we'll stop for the time being,temporarily,
00054865-r,for the time being,we'll stop for the time being,temporarily,
00055062-r,by hand,this dress is sewn by hand,without the use of a machine,
00055174-r,by machine,the shirt is sewn by machine,with the use of a machine,
00055288-r,hand to hand,fought hand to hand,at close quarters,
00055369-r,hand to mouth,they lived from hand to mouth,with barely enough money for immediate needs,
00057190-r,drastically,,in a drastic manner,
00057267-r,at all,"Are you at all interested? No, not at all",in the slightest degree or in any respect,
00057267-r,in the least,"Are you at all interested? No, not at all",in the slightest degree or in any respect,
00057267-r,the least bit,"Are you at all interested? No, not at all",in the slightest degree or in any respect,
00057454-r,by all means,Visit us by all means,definitely or certainly,
00057580-r,by no means,the prize is by no means certain,definitely not,
00057580-r,not by a long sight,the prize is by no means certain,definitely not,
00057580-r,not by a blame sight,the prize is by no means certain,definitely not,
00059029-r,indigenously,,in an indigenous manner,
00059111-r,individualistically,,in an individualistic manner,
00059205-r,intractably,,in an intractable manner,
00059709-r,a lot,I feel a lot better,to a very great degree or extent,
00059709-r,lots,I feel a lot better,to a very great degree or extent,
00059709-r,a good deal,I feel a lot better,to a very great degree or extent,
00059709-r,a great deal,I feel a lot better,to a very great degree or extent,
00060085-r,often,,in many cases or instances,
00060735-r,de facto,"the result was, de facto, a one-party system",in reality or fact,
00060838-r,for all practical purposes,to all intents and purposes the case is closed,in every practical sense,
00060838-r,to all intents and purposes,to all intents and purposes the case is closed,in every practical sense,
00060838-r,for all intents and purposes,to all intents and purposes the case is closed,in every practical sense,
00061079-r,reproducibly,,in a manner that is reproducible,
00062352-r,presto,"{'source': 'Swift', 'text': ""Presto! begone! 'tis here again""}",suddenly as if by a magic trick,
00062437-r,presto,,at a very fast tempo (faster than allegro),
00062533-r,inscriptively,,by means of an inscription,
00062619-r,inscrutably,,in an inscrutable manner,
00062701-r,insecticidally,,by means of an insecticide,
00062788-r,insensately,,in an insensate manner,
00063907-r,let alone,"she can't boil potatoes, let alone cook a meal",much less,
00063907-r,not to mention,"she can't boil potatoes, let alone cook a meal",much less,
00064021-r,a fortiori,"if you are wrong then, a fortiori, so am I","with greater reason; for a still stronger, more certain reason",
00064312-r,all together,they were herded all together,used of a group whose members acted or were acted upon collectively and when ‘all’ and ‘together’ can be separated by other words,
00065584-r,meanwhile,"meanwhile, back at the ranch …",at the same time but in another place,
00065886-r,largo,,slowly and broadly,
00066222-r,last,"last, I'll discuss family values",the item at the end,
00066222-r,lastly,"last, I'll discuss family values",the item at the end,
00066222-r,in conclusion,"last, I'll discuss family values",the item at the end,
00066222-r,finally,"last, I'll discuss family values",the item at the end,
00066363-r,last but not least,"last not least, he plays the saxophone",in addition to all the foregoing,
00066363-r,last not least,"last not least, he plays the saxophone",in addition to all the foregoing,
00066500-r,lastingly,,in an enduring or permanent manner,
00066927-r,affectedly,,in an affected manner,
00068615-r,all along,She had known all along,all the time or over a period of time,
00068615-r,right along,She had known all along,all the time or over a period of time,
00071050-r,analogously,"analogously, we have a variable",in an analogous manner,
00073049-r,here and there,he worked here and there but never for long in one town,in or to various places; first this place and then that; location pronoun,
00076147-r,abeam,,at right angles to the length of a ship or airplane,
00076459-r,back and forth,he traveled back and forth between Los Angeles and New York,moving from one place to another and back again,
00076459-r,backward and forward,he traveled back and forth between Los Angeles and New York,moving from one place to another and back again,
00076459-r,to and fro,he traveled back and forth between Los Angeles and New York,moving from one place to another and back again,
00076778-r,up and down,he walked up and down the locker room,moving backward and forward along a given course,
00078316-r,conversely,"conversely, not all women are mothers",with the terms of the relation reversed,
00080389-r,below,,in or to a place that is lower,
00080389-r,at a lower place,,in or to a place that is lower,
00080389-r,to a lower place,,in or to a place that is lower,
00080389-r,beneath,,in or to a place that is lower,
00080519-r,above,,in or to a place that is higher,
00080519-r,higher up,,in or to a place that is higher,
00080519-r,in a higher place,,in or to a place that is higher,
00080519-r,to a higher place,,in or to a place that is higher,
00080654-r,in the bargain,He lost his wife in the bargain,in addition; over and above what is expected,
00080654-r,into the bargain,He lost his wife in the bargain,in addition; over and above what is expected,
00080795-r,contemptibly,,in a manner deserving contempt,
00082389-r,dazzlingly,,in a manner or to a degree that dazzles the beholder,
00082842-r,deprecatively,,in a deprecative manner,
00082925-r,depressingly,,in a depressing manner or to a depressing degree,
00083032-r,dichotomously,,in a dichotomous manner,
00083115-r,digitately,,in a digitate manner,
00083192-r,disruptively,,in a disruptive manner,
00083430-r,dorsally,,in a dorsal location or direction,
00083653-r,ventrally,,in a ventral location or direction,
00084962-r,ex cathedra,the pope must speak ex cathedra for an encyclical to be infallible,with the full authority of the office,
00085603-r,exasperatingly,,in an exasperating manner,
00086390-r,apace,,"(poetic, literary) quickly",
00086743-r,flat out,he ran flat out to catch the bus,at top speed,
00086743-r,like blue murder,he ran flat out to catch the bus,at top speed,
00087016-r,quicker,,more quickly,
00087016-r,faster,,more quickly,
00087109-r,slower,,more slowly,
00087173-r,quickest,,most quickly,
00087173-r,fastest,,most quickly,
00087268-r,slowest,,most slowly,
00087333-r,permissively,,in a permissive manner,
00087414-r,permissibly,,in a permissible manner,
00087414-r,allowably,,in a permissible manner,
00088265-r,ad infinitum,talked on and on ad infinitum,to infinity; without or seemingly without limit,
00088561-r,in perpetuity,bequeathed to the nation in perpetuity,for an indefinitely long time,
00088674-r,in perpetuity,desire happiness in perpetuity,for life,
00089037-r,ad interim,elected to serve ad interim,for an intervening time; temporarily,
00089143-r,ad lib,he spoke ad lib,without advance preparation,
00089143-r,ad libitum,he spoke ad lib,without advance preparation,
00089143-r,spontaneously,he spoke ad lib,without advance preparation,
00089143-r,impromptu,he spoke ad lib,without advance preparation,
00091139-r,energetically,,in an energetic manner,
00091747-r,reluctantly,,with reluctance,
00094530-r,intradermally,,into the skin,
00097658-r,upriver,,toward the source or against the current,
00097658-r,upstream,,toward the source or against the current,
00097781-r,downriver,,away from the source or with the current,
00097781-r,downstream,,away from the source or with the current,
00098716-r,at home,he worked at home,"at, to, or toward the place where you reside",
00098817-r,at home,they played at home last night,on the home team's field,
00101323-r,for that matter,for that matter I don't care either,as far as that is concerned,
00102579-r,far and wide,he traveled far and wide,over great areas or distances; everywhere,
00102579-r,far and near,he traveled far and wide,over great areas or distances; everywhere,
00102808-r,fictitiously,,in a fictional manner (created by the imagination),
00102917-r,fictitiously,,in a false manner intended to mislead,
00103431-r,second,"second, we must consider the economy",in the second place,
00103431-r,secondly,"second, we must consider the economy",in the second place,
00103744-r,initially,at first he didn't notice anything strange,at the beginning,
00103744-r,ab initio,at first he didn't notice anything strange,at the beginning,
00103744-r,at first,at first he didn't notice anything strange,at the beginning,
00103874-r,at first sight,it was love at first sight,on first seeing (someone or something); immediately,
00103874-r,at first glance,it was love at first sight,on first seeing (someone or something); immediately,
00104016-r,at first sight,,"after an initial impression, which later proves incorrect",
00104016-r,at first glance,,"after an initial impression, which later proves incorrect",
00104134-r,at first blush,at first blush the offer seemed attractive,as a first impression,
00104134-r,when first seen,at first blush the offer seemed attractive,as a first impression,
00104351-r,and so forth,,continuing in the same way,
00104351-r,and so on,,continuing in the same way,
00104351-r,etcetera,,continuing in the same way,
00104351-r,etc.,,continuing in the same way,
00104786-r,at heart,she is very kind at heart,in reality,
00104786-r,at bottom,she is very kind at heart,in reality,
00104786-r,deep down,she is very kind at heart,in reality,
00104786-r,inside,she is very kind at heart,in reality,
00104786-r,in spite of appearance,she is very kind at heart,in reality,
00104920-r,at large,he talked at large about his plans,in a general fashion,
00104920-r,in a broad way,he talked at large about his plans,in a general fashion,
00105032-r,at least,at least two hours studying the manual,not less than,
00105032-r,at the least,at least two hours studying the manual,not less than,
00105215-r,at most,spend at most $20 on the lunch,not more than,
00105215-r,at the most,spend at most $20 on the lunch,not more than,
00105348-r,at least,at least he survived,if nothing else (‘leastwise’ is informal and ‘leastways’ is colloquial),
00105348-r,leastways,at least he survived,if nothing else (‘leastwise’ is informal and ‘leastways’ is colloquial),
00105348-r,leastwise,at least he survived,if nothing else (‘leastwise’ is informal and ‘leastways’ is colloquial),
00105348-r,at any rate,at least he survived,if nothing else (‘leastwise’ is informal and ‘leastways’ is colloquial),
00105927-r,just then,just then the bugle sounded,at a particular time in the past,
00106462-r,at best,at best we'll lose only the money,under the best of conditions,
00106462-r,at the best,at best we'll lose only the money,under the best of conditions,
00106595-r,at worst,at worst we'll go to jail,under the worst of conditions,
00106595-r,at the worst,at worst we'll go to jail,under the worst of conditions,
00106723-r,demoniacally,,in a very agitated manner; as if possessed by an evil spirit,
00106723-r,frenetically,,in a very agitated manner; as if possessed by an evil spirit,
00107831-r,as usual,"as usual, she arrived late",in the usual manner,
00109415-r,here,"come here, please",to this place (especially toward the speaker),
00109415-r,hither,"come here, please",to this place (especially toward the speaker),
00111558-r,inside,"inside, the car is a mess",on the inside,
00111558-r,within,"inside, the car is a mess",on the inside,
00111662-r,outside,"outside, the box is black",on the outside,
00112653-r,least of all,"nobody, least of all Joe, agreed with me",especially not,
00113197-r,globally,"think globally, not locally",with respect to the whole earth,
00113930-r,de novo,,from the beginning,
00114741-r,unfailingly,,without fail,
00115368-r,unofficially,"unofficially, he serves as the treasurer",not in an official capacity,
00115839-r,peripherally,,in or at or near a periphery or according to a peripheral role or function or relationship,
00116911-r,pornographically,,in a pornographic manner,
00116998-r,self-indulgently,,in a self-indulgent manner,
00117087-r,symbiotically,,in a symbiotic manner,
00117612-r,in concert,act in concert,with a common plan,
00117612-r,together,act in concert,with a common plan,
00117806-r,in on,was in on the scheme,participating in or knowledgeable out,
00119623-r,irregardless,,regardless; a combination of irrespective and regardless sometimes used humorously,
00120125-r,as far as possible,she helped him as much as possible,to a feasible extent,
00120125-r,as much as possible,she helped him as much as possible,to a feasible extent,
00120252-r,on the coattails,the CEO resigned on the coattails of the scandal,immediately following or undeservedly benefiting from,
00120252-r,on one's coattails,the CEO resigned on the coattails of the scandal,immediately following or undeservedly benefiting from,
00120473-r,on the other hand,"on the other hand, she is too ambitious for her own good",(contrastive) from another point of view,
00120473-r,then again,"on the other hand, she is too ambitious for her own good",(contrastive) from another point of view,
00120682-r,on the one hand,"on the one hand, she is a gifted chemist",from one point of view,
00120682-r,on one hand,"on the one hand, she is a gifted chemist",from one point of view,
00122170-r,academically,"academically, this is a good school",in regard to academic matters,
00123514-r,undemocratically,"undemocratically, he made all the important decisions without his colleagues",in an undemocratic manner,
00124384-r,economically,,in an economical manner,
00125152-r,idyllically,,in an idyllic manner,
00125333-r,injuriously,,in an injurious manner,
00125413-r,irrevocably,,in an irrevocable manner,
00125817-r,medicinally,,in a medicinal manner,
00126790-r,rewardingly,,in a rewarding manner,
00126997-r,sacrilegiously,,in a sacrilegious manner,
00128014-r,technically,"technically, a bank's reserves belong to the stockholders",according to the exact meaning; according to the facts,
00128750-r,therapeutically,,for therapeutic purposes,
00128836-r,geothermally,,by means of heat from the interior of the earth,
00128942-r,thermally,,by means of heat or with respect to thermal properties,
00131535-r,limitedly,,in a limited manner,
00133132-r,personally,"personally, I find him stupid",concerning the speaker,
00134663-r,neurobiological,explain the phenomenon neurobiologically,with respect to neurobiology,
00134925-r,musicologically,,with respect to musicology,
00135342-r,metonymically,,in a metonymic manner,
00136998-r,facially,,with respect to the face,
00138072-r,operatively,,in a manner to produce an effect,
00138269-r,chromatographically,,by means of a chromatographic process,
00139881-r,undramatically,,in an undramatic manner,
00142439-r,episodically,,in an episodic manner,
00142726-r,frontally,,"in, at, or toward the front",
00143610-r,horticulturally,,by means of horticulture,
00144102-r,insistently,,in an insistent manner,
00144584-r,rurally,,in a rural manner,
00144980-r,monosyllabically,,in a monosyllabic manner,
00145067-r,polysyllabically,,in a polysyllabic manner,
00145154-r,symptomatically,,by symptoms,
00146749-r,enough,have I eaten enough?,as much as necessary,
00146749-r,plenty,have I eaten enough?,as much as necessary,
00147536-r,sic,,intentionally so written (used after a printed word or phrase),
00148538-r,hand and foot,they served him hand and foot,in all ways possible,
00148633-r,hand in hand,they walked hand in hand,clasping each other's hands,
00148729-r,hand over fist,made money hand over fist,at a tremendous rate,
00149387-r,in hand,the riots were in hand,under control,
00149480-r,out of hand,the riots got out of hand,out of control,
00149480-r,beyond control,the riots got out of hand,out of control,
00149598-r,in a way,she was right in a way,from some points of view,
00149685-r,factually,"they learn much, factually, about the problems of retirement and provision for old age, and, psychologically, in the sharing of their thoughts on retirement",as a fact or based on fact,
00149927-r,in fact,"in fact, it was a wonder anyone survived",in reality or actuality,
00149927-r,in point of fact,"in fact, it was a wonder anyone survived",in reality or actuality,
00149927-r,as a matter of fact,"in fact, it was a wonder anyone survived",in reality or actuality,
00151192-r,to be sure,"to be sure, he is no Einstein",admittedly,
00151192-r,without doubt,"to be sure, he is no Einstein",admittedly,
00151192-r,no doubt,"to be sure, he is no Einstein",admittedly,
00151301-r,sure enough,"sure enough, he asked her for money again",as supposed or expected,
00151409-r,right,,"an interjection expressing agreement; Yes, you are indeed correct",
00151409-r,right on,,"an interjection expressing agreement; Yes, you are indeed correct",
00151490-r,in toto,they bought the business in toto,in entirety,
00151616-r,in the least,are you in the least interested?,to any extent at all,
00151616-r,even a little,are you in the least interested?,to any extent at all,
00151729-r,above all,"above all, you must be independent",above and beyond all other consideration,
00151729-r,most importantly,"above all, you must be independent",above and beyond all other consideration,
00151729-r,most especially,"above all, you must be independent",above and beyond all other consideration,
00151882-r,in absentia,he was sentenced in absentia,while absent; although absent,
00151983-r,across the board,we got a pay raise across the board,including all,
00152098-r,after a fashion,he speaks French after a fashion,to some extent; not very well,
00152207-r,after all,"after all, she is your boss, so invite her",emphasizes something to be considered,
00152363-r,after all,came to the party after all,in spite of expectations,
00152484-r,after hours,he often worked after hours,not during regular hours,
00152579-r,against the clock,it was a race against the clock,as fast as possible; before a deadline,
00152579-r,against time,it was a race against the clock,as fast as possible; before a deadline,
00152713-r,ahead of the game,she's ahead of the game,in an advantageous position,
00152813-r,all in all,"altogether, I'm sorry it happened",with everything considered (and neglecting details),
00152813-r,on the whole,"altogether, I'm sorry it happened",with everything considered (and neglecting details),
00152813-r,altogether,"altogether, I'm sorry it happened",with everything considered (and neglecting details),
00152813-r,tout ensemble,"altogether, I'm sorry it happened",with everything considered (and neglecting details),
00153015-r,all of a sudden,"all at once, he started shouting",suddenly,
00153015-r,all at once,"all at once, he started shouting",suddenly,
00153124-r,all the way,she climbed the mountain all the way,to the goal,
00153124-r,the whole way,she climbed the mountain all the way,to the goal,
00153231-r,all the way,she went all the way with him,not stopping short of sexual intercourse,
00153344-r,from start to finish,,thoroughly,
00153403-r,and how,,an expression of emphatic agreement,
00153403-r,you bet,,an expression of emphatic agreement,
00153403-r,you said it,,an expression of emphatic agreement,
00153498-r,and then some,it cost me a week's salary and then some,and considerably more in addition,
00153617-r,around the clock,she worked around the clock,endlessly,
00153617-r,for 24 hours,she worked around the clock,endlessly,
00153617-r,round the clock,she worked around the clock,endlessly,
00153742-r,as follows,her complaints went as follows,what is listed next,
00153834-r,as it were,"she lives here, as it were",as if it were really so,
00153834-r,so to speak,"she lives here, as it were",as if it were really so,
00153940-r,as we say,"the feeling is, as we say, quite dead",in a manner of speaking,
00153940-r,so to speak,"the feeling is, as we say, quite dead",in a manner of speaking,
00154056-r,as the crow flies,it's 10 miles as the crow flies,by the shortest and most direct route,
00154174-r,at all costs,he wanted to save her life at all cost,regardless of the cost involved,
00154174-r,at any cost,he wanted to save her life at all cost,regardless of the cost involved,
00154174-r,at any expense,he wanted to save her life at all cost,regardless of the cost involved,
00154319-r,at a time,he took three cookies at a time,simultaneously,
00154319-r,at once,he took three cookies at a time,simultaneously,
00154319-r,at one time,he took three cookies at a time,simultaneously,
00154430-r,at will,he can roam the neighborhood at will,as one chooses or pleases,
00154814-r,mindfully,,in a careful deliberate manner,
00154814-r,heedfully,,in a careful deliberate manner,
00154814-r,advertently,,in a careful deliberate manner,
00154998-r,unmindfully,,in a careless and thoughtless manner,
00155582-r,purportedly,,believed or reputed to be the case,
00155582-r,supposedly,,believed or reputed to be the case,
00155858-r,originally,,in an manner suggesting originality,
00155936-r,unoriginally,,in an unoriginal manner,
00156476-r,by a long shot,he is the best by a long shot,by a great deal,
00156754-r,by and large,by and large it doesn't rain much here,usually; as a rule,
00156754-r,generally,by and large it doesn't rain much here,usually; as a rule,
00156754-r,more often than not,by and large it doesn't rain much here,usually; as a rule,
00156754-r,mostly,by and large it doesn't rain much here,usually; as a rule,
00156898-r,by hook or by crook,I'll pass this course by hook or by crook,in any way necessary; by any possible means,
00157034-r,by heart,she knew the poem by heart,by committing to memory,
00157034-r,by memory,she knew the poem by heart,by committing to memory,
00157136-r,by inches,they moved it by inches,by a short distance,
00157136-r,little by little,they moved it by inches,by a short distance,
00157136-r,by small degrees,they moved it by inches,by a short distance,
00157258-r,by fits and starts,he worked on his book by fits and starts,intermittently,
00157363-r,by the way,"incidentally, I won't go to the party",introducing a different topic,
00157363-r,by the bye,"incidentally, I won't go to the party",introducing a different topic,
00157363-r,incidentally,"incidentally, I won't go to the party",introducing a different topic,
00157363-r,apropos,"incidentally, I won't go to the party",introducing a different topic,
00157510-r,by the piece,she sold the plates by the piece,one piece at a time,
00157510-r,one by one,she sold the plates by the piece,one piece at a time,
00157619-r,orally,these stories were transmitted by word of mouth,by spoken rather than written means,
00157619-r,by word of mouth,these stories were transmitted by word of mouth,by spoken rather than written means,
00157956-r,come hell or high water,we'll go to Tibet come hell or high water,in spite of all obstacles,
00157956-r,no matter what happens,we'll go to Tibet come hell or high water,in spite of all obstacles,
00157956-r,whatever may come,we'll go to Tibet come hell or high water,in spite of all obstacles,
00158123-r,day in and day out,he plays chess day in and day out,without respite,
00158123-r,all the time,he plays chess day in and day out,without respite,
00158237-r,dead ahead,the laboratory is dead ahead,exactly ahead or in front,
00158427-r,en masse,the students turned out en masse,all together,
00158427-r,en bloc,the students turned out en masse,all together,
00158427-r,as a group,the students turned out en masse,all together,
00158535-r,every so often,every so often she visits her father,occasionally,
00158535-r,every now and then,every so often she visits her father,occasionally,
00158651-r,every inch,he was every inch a statesman,in every way; completely,
00159313-r,first and last,she was first and last a scientist,taking everything together,
00159313-r,above all,she was first and last a scientist,taking everything together,
00159774-r,for a song,we bought the house for a song,for a relatively small amount of money,
00159774-r,for a bargain price,we bought the house for a song,for a relatively small amount of money,
00159774-r,at a low price,we bought the house for a song,for a relatively small amount of money,
00159924-r,for dear life,he was running for dear life,as though your life was at stake,
00160030-r,at stake,perhaps a million dollars are at stake,to be won or lost; at risk,
00160135-r,at stake,there is more at stake than your modesty,in question or at issue,
00160239-r,for example,"take ribbon snakes, for example",as an example,
00160239-r,for instance,"take ribbon snakes, for example",as an example,
00160239-r,e.g.,"take ribbon snakes, for example",as an example,
00160349-r,for good measure,"the car salesman threw in the radio, for good measure",in addition (as to close a deal),
00160483-r,for keeps,they played for keeps,for the winner to keep all,
00160572-r,for love or money,she wouldn't give up her pets for love or money,under any circumstances,
00160572-r,for anything,she wouldn't give up her pets for love or money,under any circumstances,
00160572-r,for any price,she wouldn't give up her pets for love or money,under any circumstances,
00160572-r,for all the world,she wouldn't give up her pets for love or money,under any circumstances,
00160743-r,for one,I for one feel very grateful,as a particular one of several possibilities,
00160889-r,for short,call me Bob for short,as an abbreviation,
00160970-r,for the asking,advice was free for the asking,on the occasion of a request,
00160970-r,on request,advice was free for the asking,on the occasion of a request,
00161088-r,from scratch,he baked the torte from scratch,"from the beginning, especially without relying on resources or other advantages",
00161285-r,sincerely,,written formula for ending a letter,
00161285-r,sincerely yours,,written formula for ending a letter,
00161376-r,from way back,she knows him from way back,since long ago,
00161376-r,since a long time ago,she knows him from way back,since long ago,
00161487-r,close to the wind,sailing close to the wind,nearly opposite to the direction from which wind is coming,
00164539-r,hand in glove,they work hand in glove,in close cooperation,
00164539-r,hand and glove,they work hand in glove,in close cooperation,
00164539-r,cooperatively,they work hand in glove,in close cooperation,
00164679-r,cheek by jowl,the houses were jumbled together cheek by jowl,in close proximity,
00164903-r,head over heels,we ran head over heels toward the shelter,in disorderly haste,
00164903-r,heels over head,we ran head over heels toward the shelter,in disorderly haste,
00164903-r,topsy-turvy,we ran head over heels toward the shelter,in disorderly haste,
00164903-r,topsy-turvily,we ran head over heels toward the shelter,in disorderly haste,
00164903-r,in great confusion,we ran head over heels toward the shelter,in disorderly haste,
00165080-r,fecklessly,,in a feckless manner; irresponsibly and incompetently,
00165552-r,heart and soul,she was with him heart and soul,with complete faith,
00165552-r,body and soul,she was with him heart and soul,with complete faith,
00165665-r,hook line and sinker,"he believed her story hook, line, and sinker",without reservations,
00165777-r,in circles,the candidates talked in circles,without making progress,
00165875-r,in a pig's eye,,absolutely not; never,
00165958-r,in case,in case of trouble call 911,if there happens to be need,
00165958-r,just in case,in case of trouble call 911,if there happens to be need,
00166484-r,in due course,we'll get to this question in due course,at the appropriate time,
00166484-r,in due season,we'll get to this question in due course,at the appropriate time,
00166484-r,in good time,we'll get to this question in due course,at the appropriate time,
00166484-r,in due time,we'll get to this question in due course,at the appropriate time,
00166484-r,when the time comes,we'll get to this question in due course,at the appropriate time,
00166660-r,in full swing,the party was in full swing,proceeding with full vigor,
00166660-r,in full action,the party was in full swing,proceeding with full vigor,
00166776-r,in kind,she pays him back in kind,with something of the same kind,
00166776-r,in a similar way,she pays him back in kind,with something of the same kind,
00166891-r,in line,they waited in line for the tickets,one behind another in a line or queue,
00167003-r,in name,he's a doctor in name only,by title or repute though not in fact,
00167003-r,in name only,he's a doctor in name only,by title or repute though not in fact,
00167121-r,in no time,she finished the assignment in no time,in a relatively short time,
00167121-r,very fast,she finished the assignment in no time,in a relatively short time,
00167533-r,long,,for an extended distance,
00167590-r,in passing,he made this remark in passing,incidentally; in the course of doing something else,
00167590-r,en passant,he made this remark in passing,incidentally; in the course of doing something else,
00167994-r,inside out,she turned the shirt inside out,with the inside facing outward,
00168098-r,inside out,she knows this town inside out,thoroughly; from every perspective,
00168205-r,in the air,Christmas was in the air,on everybody's mind,
00168205-r,in everyone's thoughts,Christmas was in the air,on everybody's mind,
00168316-r,in the first place,why didn't you tell me in the first place?,before now,
00168316-r,earlier,why didn't you tell me in the first place?,before now,
00168316-r,in the beginning,why didn't you tell me in the first place?,before now,
00168316-r,to begin with,why didn't you tell me in the first place?,before now,
00168316-r,originally,why didn't you tell me in the first place?,before now,
00168477-r,in the end,she will succeed in the end,eventually or after a lengthy period of time,
00168591-r,in the nick of time,she was saved in the nick of time,at the last possible moment,
00168591-r,just in time,she was saved in the nick of time,at the last possible moment,
00168718-r,in the same breath,she praised and criticized him in the same breath,almost simultaneously,
00168839-r,in time,we made it to the party in time,without being tardy,
00168839-r,soon enough,we made it to the party in time,without being tardy,
00169253-r,just so,you must treat this plant just so,in a careful manner,
00169345-r,lickety split,she tackled the job lickety-split,at full speed,
00169345-r,lickety cut,she tackled the job lickety-split,at full speed,
00169451-r,like clockwork,the rocket launch went off like clockwork,with regularity and precision,
00169587-r,like hell,drove like crazy,(informal) with great speed or effort or intensity; used for emphasis,
00169587-r,like mad,drove like crazy,(informal) with great speed or effort or intensity; used for emphasis,
00169587-r,like crazy,drove like crazy,(informal) with great speed or effort or intensity; used for emphasis,
00169587-r,like sin,drove like crazy,(informal) with great speed or effort or intensity; used for emphasis,
00169587-r,like thunder,drove like crazy,(informal) with great speed or effort or intensity; used for emphasis,
00169587-r,like the devil,drove like crazy,(informal) with great speed or effort or intensity; used for emphasis,
00169954-r,like hell,says he'll help me? Like hell he will!,used ironically to indicate the opposite of what is stated,
00169954-r,like fun,says he'll help me? Like hell he will!,used ironically to indicate the opposite of what is stated,
00170122-r,in fun,"some of the girls did go to extremes, but it was all in fun",not intended seriously; meant as a joke,
00170122-r,for fun,"some of the girls did go to extremes, but it was all in fun",not intended seriously; meant as a joke,
00170319-r,no end,the child cried no end,on and on for a long time,
00170405-r,off and on,they phone each other off and on,not regularly,
00170405-r,on and off,they phone each other off and on,not regularly,
00170506-r,off the cuff,the presidential candidate made a remark off the cuff,without preparation,
00170754-r,off the record,he spoke to the reporter off the record,not for quotation,
00170857-r,on all fours,he got down on all fours to play with his grandson,on hands and knees,
00170970-r,on the average,on average he watches three movies a week,typically,
00170970-r,on average,on average he watches three movies a week,typically,
00171080-r,on approval,they took the VCR on approval,for examination (with an option to buy),
00171192-r,on faith,we accepted him on faith,with trust and confidence,
00171282-r,hypothetically,,by hypothesis,
00171356-r,theoretically,on paper the candidate seems promising,in theory; according to the assumed facts,
00171356-r,on paper,on paper the candidate seems promising,in theory; according to the assumed facts,
00171643-r,oppositely,,in an opposite position,
00171723-r,contrarily,"he didn't stay home; on the contrary, he went out with his friends",contrary to expectations,
00171723-r,to the contrary,"he didn't stay home; on the contrary, he went out with his friends",contrary to expectations,
00171723-r,contrariwise,"he didn't stay home; on the contrary, he went out with his friends",contrary to expectations,
00171723-r,on the contrary,"he didn't stay home; on the contrary, he went out with his friends",contrary to expectations,
00171925-r,on the fly,she wrote those letters on the fly,on the run or in a hurry,
00171925-r,hurridly,she wrote those letters on the fly,on the run or in a hurry,
00172037-r,on the fly,he caught the punt on the fly,while in motion,
00172124-r,on the spot,we hired her on the spot,without delay or immediately,
00172276-r,on the spot,they were on the spot when it happened,at the place in question; there,
00172436-r,on the spot,that question really put him on the spot,in a difficult situation,
00172731-r,on the way,help is on the way,on a route to some place,
00172731-r,en route,help is on the way,on a route to some place,
00172866-r,on time,she always arrives on time,at the expected or proper time,
00172866-r,punctually,she always arrives on time,at the expected or proper time,
00172975-r,out of thin air,your cousin arrived out of thin air,without warning,
00172975-r,out of nothing,your cousin arrived out of thin air,without warning,
00172975-r,from nowhere,your cousin arrived out of thin air,without warning,
00173105-r,out of wedlock,he was born out of wedlock,of unwed parents,
00173105-r,outside marriage,he was born out of wedlock,of unwed parents,
00173213-r,to advantage,the dress brought out her figure to advantage,in a manner that uses the most flattering or best aspects of,
00173363-r,to a man,voted for unionization to a man,without exception,
00173452-r,to a T,the new house suited them to a T,in every detail,
00173452-r,to the letter,the new house suited them to a T,in every detail,
00173452-r,just right,the new house suited them to a T,in every detail,
00173452-r,to perfection,the new house suited them to a T,in every detail,
00173583-r,up to now,no suspect has been found to date,prior to the present time,
00173583-r,to date,no suspect has been found to date,prior to the present time,
00173693-r,to order,he had the shoes made to order,to specification,
00173780-r,tooth and nail,she fought tooth and nail,with force and ferocity,
00173875-r,to that effect,she said something to that effect,with that general meaning,
00173980-r,to the hilt,you are in this to the hilt,in full,
00173980-r,to the limit,you are in this to the hilt,in full,
00174073-r,under the circumstances,under the circumstances I cannot buy the house,because of prevailing conditions,
00174207-r,orad,,toward the mouth or oral region,
00174307-r,aborad,,away from the mouth or oral region,
00176473-r,wildly,"attacked wildly, slashing and stabbing over and over",with violent and uncontrollable passion,
00178467-r,over and over,the unknown word turned up over and over again in the text,repeatedly,
00178467-r,again and again,the unknown word turned up over and over again in the text,repeatedly,
00178467-r,over and over again,the unknown word turned up over and over again in the text,repeatedly,
00178467-r,time and again,the unknown word turned up over and over again in the text,repeatedly,
00178467-r,time and time again,the unknown word turned up over and over again in the text,repeatedly,
00178467-r,repeatedly,the unknown word turned up over and over again in the text,repeatedly,
00179172-r,vice versa,she hates him and vice versa,with the order reversed,
00179172-r,the other way around,she hates him and vice versa,with the order reversed,
00179172-r,contrariwise,she hates him and vice versa,with the order reversed,
00179304-r,day by day,his health weakened day by day,gradually and progressively,
00179304-r,daily,his health weakened day by day,gradually and progressively,
00179412-r,day in day out,,for an indefinite number of successive days,
00179412-r,day after day,,for an indefinite number of successive days,
00179514-r,week after week,,for an indefinite number of successive weeks,
00179602-r,week by week,"week by week, the betrayal gnawed at his heart",weekly,
00179699-r,month by month,"month by month, the betrayal gnawed at his heart",for an indefinite number of months,
00180819-r,in other words,"in other words, we are broke",otherwise stated,
00180819-r,put differently,"in other words, we are broke",otherwise stated,
00181906-r,successively,talked to each child in turn,in proper order or sequence,
00181906-r,in turn,talked to each child in turn,in proper order or sequence,
00182242-r,apart,"these problems apart, the country is doing well",not taken into account or excluded from consideration,
00182242-r,aside,"these problems apart, the country is doing well",not taken into account or excluded from consideration,
00182904-r,as needed,add water as needed,according to need (physicians use PRN in writing prescriptions),
00182904-r,as required,add water as needed,according to need (physicians use PRN in writing prescriptions),
00182904-r,pro re nata,add water as needed,according to need (physicians use PRN in writing prescriptions),
00182904-r,PRN,add water as needed,according to need (physicians use PRN in writing prescriptions),
00183162-r,overseas,,in a place across an ocean,
00183162-r,abroad,,in a place across an ocean,
00183580-r,in vivo,studies conducted in vivo,in the living organism,
00184393-r,inconsiderately,"inconsiderately, he asked to be invited for dinner",without consideration; in an inconsiderate manner,
00185770-r,true,"true, she is the smartest in her class",as acknowledged,
00185770-r,admittedly,"true, she is the smartest in her class",as acknowledged,
00185770-r,avowedly,"true, she is the smartest in her class",as acknowledged,
00185770-r,confessedly,"true, she is the smartest in her class",as acknowledged,
00189276-r,uptown,,toward or in the upper part of town,
00189364-r,downtown,,toward or in the lower or central part of town,
00189465-r,best of all,"best of all, we don't have any homework!",especially fortunate,
00190022-r,namely,,as follows,
00190022-r,viz.,,as follows,
00190022-r,that is to say,,as follows,
00190022-r,to wit,,as follows,
00190022-r,videlicet,,as follows,
00190112-r,much as,,in a similar way,
00190112-r,very much like,,in a similar way,
00191026-r,hyperbolically,,in an exaggerated manner,
00191026-r,exaggeratedly,,in an exaggerated manner,
00191723-r,God knows how,"God knows how he did it, but he did climbed that steep wall",by some means not understood by the speaker,
00192665-r,et al.,,and elsewhere (used when referring to other occurrences in a text),
00192665-r,et al,,and elsewhere (used when referring to other occurrences in a text),
00192665-r,et alibi,,and elsewhere (used when referring to other occurrences in a text),
00192785-r,et al.,the data reported by Smith et al.,and others (‘et al.’ is used as an abbreviation of ‘et alii’ (masculine plural) or ‘et aliae’ (feminine plural) or ‘et alia’ (neuter plural) when referring to a number of people),
00192785-r,et al,the data reported by Smith et al.,and others (‘et al.’ is used as an abbreviation of ‘et alii’ (masculine plural) or ‘et aliae’ (feminine plural) or ‘et alia’ (neuter plural) when referring to a number of people),
00192785-r,et alii,the data reported by Smith et al.,and others (‘et al.’ is used as an abbreviation of ‘et alii’ (masculine plural) or ‘et aliae’ (feminine plural) or ‘et alia’ (neuter plural) when referring to a number of people),
00192785-r,et aliae,the data reported by Smith et al.,and others (‘et al.’ is used as an abbreviation of ‘et alii’ (masculine plural) or ‘et aliae’ (feminine plural) or ‘et alia’ (neuter plural) when referring to a number of people),
00192785-r,et alia,the data reported by Smith et al.,and others (‘et al.’ is used as an abbreviation of ‘et alii’ (masculine plural) or ‘et aliae’ (feminine plural) or ‘et alia’ (neuter plural) when referring to a number of people),
00193074-r,cf.,,compare,
00193074-r,cf,,compare,
00193186-r,i.e.,,"a figure of speech used as a way to provide further information, or to be more specific or exact about something",
00193186-r,ie,,"a figure of speech used as a way to provide further information, or to be more specific or exact about something",
00193186-r,id est,,"a figure of speech used as a way to provide further information, or to be more specific or exact about something",
00194810-r,thievishly,,in a manner characteristic of a thief,
00196544-r,bewilderedly,,in a bewildered manner,
00196820-r,ideally,"ideally, this will remove all problems",in an ideal manner,
00197608-r,properly,please do your job properly!,in the right manner; correctly; suitably,
00197608-r,decently,please do your job properly!,in the right manner; correctly; suitably,
00197608-r,decent,please do your job properly!,in the right manner; correctly; suitably,
00197608-r,right,please do your job properly!,in the right manner; correctly; suitably,
00198687-r,in detail,he studied the snake in detail,thoroughly (including all important particulars),
00199241-r,concretely,"concretely, this meant that he was broke",in concrete terms,
00199377-r,abstractly,,in abstract terms,
00200566-r,wrongheadedly,,in a wrongheaded manner,
00201116-r,fearlessly,"fearlessly, he led the troops into combat",without fear,
00201116-r,dauntlessly,"fearlessly, he led the troops into combat",without fear,
00201116-r,intrepidly,"fearlessly, he led the troops into combat",without fear,
00203322-r,fatuously,,vacuously or complacently and unconsciously foolish,
00203322-r,inanely,,vacuously or complacently and unconsciously foolish,
00206334-r,wrongly,"{'source': 'Shakespeare', 'text': 'wouldst not play false and yet would wrongly win'}",without justice or fairness,
00208808-r,ornamentally,,"in an ornamental, nonfunctional manner",
00214599-r,amazingly,"amazingly, he finished medical school in three years",in an amazing manner; to everyone's surprise,
00214599-r,surprisingly,"amazingly, he finished medical school in three years",in an amazing manner; to everyone's surprise,
00214599-r,astonishingly,"amazingly, he finished medical school in three years",in an amazing manner; to everyone's surprise,
00215382-r,unproductively,,in an unproductive manner,
00215382-r,fruitlessly,,in an unproductive manner,
00215382-r,unprofitably,,in an unproductive manner,
00216059-r,interestingly,"{'source': 'Time', 'text': 'when he ceases to be just interestingly neurotic and … gets locked up'}",in an interesting manner,
00216240-r,uninterestingly,,in an uninteresting manner,
00218072-r,testily,he said testily: ‘Go away!’,in a petulant manner,
00218072-r,irritably,he said testily: ‘Go away!’,in a petulant manner,
00218072-r,petulantly,he said testily: ‘Go away!’,in a petulant manner,
00218072-r,pettishly,he said testily: ‘Go away!’,in a petulant manner,
00219959-r,politely,"the policeman answered politely, ‘Now look here, lady … ’",in a polite manner,
00219959-r,courteously,"the policeman answered politely, ‘Now look here, lady … ’",in a polite manner,
00221121-r,upside down,the box was lying on the floor upside down,in an inverted manner,
00224618-r,in one's own right,a peer in his own right,by title vested in yourself or by virtue of qualifications that you have achieved,
00224618-r,in his own right,a peer in his own right,by title vested in yourself or by virtue of qualifications that you have achieved,
00224618-r,in her own right,a peer in his own right,by title vested in yourself or by virtue of qualifications that you have achieved,
00224618-r,in its own right,a peer in his own right,by title vested in yourself or by virtue of qualifications that you have achieved,
00225012-r,faithfully,"it always came on, faithfully, like the radio",in a faithful manner,
00225012-r,dependably,"it always came on, faithfully, like the radio",in a faithful manner,
00225012-r,reliably,"it always came on, faithfully, like the radio",in a faithful manner,
00225252-r,unfaithfully,,in an unfaithful undependable unreliable manner,
00225252-r,undependably,,in an unfaithful undependable unreliable manner,
00225252-r,unreliably,,in an unfaithful undependable unreliable manner,
00225596-r,nonviolently,"the government was overthrown nonviolently, but the dictator was killed",without violence,
00226219-r,up and down,he eyed him up and down,alternately upward and downward,
00227874-r,unwarily,,without heed or caution,
00229584-r,perpetually,"{'source': 'Stuart Chase', 'text': 'rays … streaming perpetually from the sun'}",everlastingly; for all time,
00230832-r,abed,,in bed,
00231477-r,unquietly,,with agitation or turbulence,
00231579-r,unqualifiedly,,without qualification or limitation,
00231674-r,outwardly,"outwardly, she appeared composed",in outward appearance,
00231805-r,inwardly,"inwardly, she was raging",with respect to private feelings,
00231805-r,inside,"inwardly, she was raging",with respect to private feelings,
00231947-r,outwardly,"outwardly, the figure is smooth",with respect to the outside,
00231947-r,externally,"outwardly, the figure is smooth",with respect to the outside,
00233351-r,obligingly,"obligingly, he lowered his voice",in accommodation,
00233351-r,accommodatingly,"obligingly, he lowered his voice",in accommodation,
00235303-r,out of,idleness is the trait of being idle out of a reluctance to work,motivated by,
00237300-r,away,fire away!,freely or at will,
00237364-r,seriatim,,in a series; point by point,
00238273-r,in stride,she took all his criticism in stride,without losing equilibrium,
00238273-r,in good spirits,she took all his criticism in stride,without losing equilibrium,
00238490-r,charmingly,,in a charming manner,
00239791-r,scienter,,(law) deliberately or knowingly,
00240685-r,under way,the ship got under way,in motion; set in motion,
00240942-r,modestly,"the dissertation was entitled, modestly, ‘Remarks about a play by Shakespeare’",with modesty; in a modest manner,
00241129-r,immodestly,"the book was entitled, immodestly, ‘All about Wisdom’",without modesty; in an immodest manner,
00241809-r,next door,the criminal had been living next door all this time,at or in or to the adjacent residence,
00241809-r,in the adjacent house,the criminal had been living next door all this time,at or in or to the adjacent residence,
00241809-r,in the adjacent apartment,the criminal had been living next door all this time,at or in or to the adjacent residence,
00242324-r,anarchically,,in a lawless rebellious manner,
00243216-r,irresolutely,,lacking determination or decisiveness,
00244694-r,commensally,,in a commensal manner,
00245268-r,structurally,"structurally, the organization is healthy",with respect to structure,
00245660-r,unofficially,he had made some money on the side,without official approval,
00245660-r,on the side,he had made some money on the side,without official approval,
00245908-r,overnight,these solutions cannot be found overnight!,happening in a short time or with great speed,
00246037-r,willy-nilly,,without having a choice,
00246625-r,hand in hand,hand in hand with hope went fear,together,
00248151-r,on paper,this is exactly what the composer had set down on paper,as written or printed,
00248151-r,in writing,this is exactly what the composer had set down on paper,as written or printed,
00249448-r,perversely,,in a contrary disobedient manner,
00249448-r,contrarily,,in a contrary disobedient manner,
00249448-r,contrariwise,,in a contrary disobedient manner,
00251028-r,at arm's length,keep someone at arm's length,at some distance,
00251347-r,aboard,,"on a ship, train, plane or other vehicle",
00251347-r,on board,,"on a ship, train, plane or other vehicle",
00251727-r,all too,she is all too ready to accept the job,to a high degree,
00251727-r,only too,she is all too ready to accept the job,to a high degree,
00251953-r,abreast,,"alongside each other, facing in the same direction",
00252039-r,per annum,"he earned $100,000 per annum",by the year; every year (usually with reference to a sum of money paid or received),
00252039-r,p.a.,"he earned $100,000 per annum",by the year; every year (usually with reference to a sum of money paid or received),
00252039-r,per year,"he earned $100,000 per annum",by the year; every year (usually with reference to a sum of money paid or received),
00252039-r,each year,"he earned $100,000 per annum",by the year; every year (usually with reference to a sum of money paid or received),
00252039-r,annually,"he earned $100,000 per annum",by the year; every year (usually with reference to a sum of money paid or received),
00252267-r,per diem,we'll save 100 man-hours per diem,one every day,
00252267-r,by the day,we'll save 100 man-hours per diem,one every day,
00252456-r,ad hoc,they were appointed ad hoc,for one specific case,
00252542-r,ad nauseam,he played the song ad nauseam,to a sickening extent,
00252635-r,ad val,the goods were taxed ad valorem,in proportion to the estimated value of the goods taxed,
00252635-r,ad valorem,the goods were taxed ad valorem,in proportion to the estimated value of the goods taxed,
00252994-r,a posteriori,,derived from observed facts,
00253080-r,a priori,,"derived by logic, without observed facts",
00253591-r,jurisprudentially,,in respect to jurisprudence or the science or philosophy of law,
00253817-r,en clair,,in ordinary language,
00253874-r,en famille,we'll have dinner en famille,in a casual way at home,
00253968-r,ex officio,the president sat on the committee ex officio,by virtue of position,
00253968-r,by right of office,the president sat on the committee ex officio,by virtue of position,
00254352-r,bilaterally,,so as to involve two sides or parts,
00255193-r,cloyingly,,in an overly sweet manner,
00255756-r,counterintuitively,,in a counterintuitive manner,
00257022-r,ceteris paribus,,all other things being equal,
00257456-r,ibid.,,in the same place (used when citing a reference),
00257456-r,ib.,,in the same place (used when citing a reference),
00257456-r,ibidem,,in the same place (used when citing a reference),
00257553-r,in loco parentis,we had to punish this child in loco parentis,in place of the parents,
00257669-r,in situ,carcinoma in situ,in the original or natural place or site,
00257669-r,in place,carcinoma in situ,in the original or natural place or site,
00257824-r,in situ,,in position,
00257871-r,inter alia,"the committee recommended, inter alia, that he be promoted",among other things,
00257990-r,ipso facto,"ipso facto, her innocence was established",by the fact itself,
00258092-r,item,"{'source': 'Philip Guedalla', 'text': 'a length of chain, item a hook'}",(used when listing or enumerating items) also,
00258220-r,give or take,"it is a mile away, give or take a few hundred yards",plus or minus a small amount,
00258344-r,mutatis mutandis,,with the necessary changes having been carried out,
00258439-r,par excellence,he is the honest politician par excellence,to a degree of excellence,
00258553-r,pari passu,,used in legal language,
00258553-r,at an equal rate,,used in legal language,
00258633-r,passim,,used to refer to cited works,
00258633-r,throughout,,used to refer to cited works,
00258709-r,pro tem,"{'source': 'J.W.Krutch', 'text': 'accepting pro tem that hypothesis consistent with the facts'}",for the time being; temporarily,
00258709-r,pro tempore,"{'source': 'J.W.Krutch', 'text': 'accepting pro tem that hypothesis consistent with the facts'}",for the time being; temporarily,
00258865-r,sine die,,without a date fixed (as of an adjournment),
00258945-r,sotto voce,he uttered a curse sotto voce,in an undertone,
00259032-r,sub rosa,held a meeting sub rosa to avoid general criticism,in secret or covertly,
00259491-r,a la carte,we ate a la carte,by ordering items listed individually on a menu,
00259598-r,by word of mouth,I heard it viva voce,orally,
00259598-r,viva voce,I heard it viva voce,orally,
00259981-r,inward,move the needle further inwards!,toward the center or interior,
00259981-r,inwards,move the needle further inwards!,toward the center or interior,
00260109-r,outward,move the needle further outward!,toward the outside,
00260109-r,outwards,move the needle further outward!,toward the outside,
00260674-r,in extremis,,at the point of death,
00260735-r,midmost,in the midst of the forest,the middle or central part or point,
00260735-r,in the midst,in the midst of the forest,the middle or central part or point,
00261520-r,perforce,,by necessity; by force of circumstance,
00261706-r,prima facie,,at first sight,
00261963-r,proportionately,,"in a way that agrees in amount, magnitude or degree",
00261963-r,pro rata,,"in a way that agrees in amount, magnitude or degree",
00262266-r,scot free,he went scot-free,free from harm or penalty,
00262266-r,scot-free,he went scot-free,free from harm or penalty,
00262350-r,skyward,look skywards!,toward the sky,
00262350-r,skywards,look skywards!,toward the sky,
00262429-r,up here,you shouldn't be up here,in a specified area or place,
00262429-r,over here,you shouldn't be up here,in a specified area or place,
00264204-r,at a loss,sold the car at a loss,below cost,
00264611-r,afield,"{'source': 'R.A.Hall', 'text': 'looking afield for new lands to conquer'}",far away from home or one's usual surroundings,
00264611-r,abroad,"{'source': 'R.A.Hall', 'text': 'looking afield for new lands to conquer'}",far away from home or one's usual surroundings,
00265906-r,abortively,,in an unfruitful manner,
00267010-r,anteriorly,,in an anterior direction,
00267823-r,ashamedly,,with a feeling of shame,
00268077-r,unassertively,"unassertively, she always follows her husband's suggestions",in an unassertive manner,
00270919-r,bloodily,,involving a great bloodshed,
00271723-r,alertly,"she got through the day alertly, despite being on drugs",in mentally perceptive and responsive way,
00272901-r,ungratefully,,in an ungrateful manner,
00272901-r,unappreciatively,,in an ungrateful manner,
00273866-r,perseveringly,,with perseverance,
00273943-r,persistently,,with persistence,
00274669-r,amidship,,at or near or toward the middle,
00274935-r,amok,"when the restaurant caught fire the patrons ran amuck, blocking the exit",wildly; without self-control,
00274935-r,amuck,"when the restaurant caught fire the patrons ran amuck, blocking the exit",wildly; without self-control,
00275080-r,antithetically,,with antithesis; in an antithetical manner,
00275591-r,archly,,in an arch manner; with playful slyness or roguishness,
00276392-r,aslant,,over or across in a slanting direction,
00276557-r,asleep,,in the sleep of death,
00277506-r,astride,,with the legs stretched far apart,
00277575-r,athwart,,at right angles to the center line of a ship,
00277655-r,atop,,"on, to, or at the top",
00277821-r,avariciously,,in a greedy manner,
00277821-r,covetously,,in a greedy manner,
00277821-r,greedily,,in a greedy manner,
00278639-r,baldly,"this book is, to put it baldly, an uneven work.",in a bald manner,
00279618-r,bawdily,,in a bawdy manner,
00281297-r,bountifully,,in a bountiful manner,
00281297-r,bounteously,,in a bountiful manner,
00281297-r,plentifully,,in a bountiful manner,
00281297-r,plenteously,,in a bountiful manner,
00282316-r,on air,we were floating on air at the news,very happily,
00283793-r,charily,,with great caution; warily,
00285441-r,chattily,"‘when I was a girl,’ she said chattily, ‘I used to ride a bicycle’",in a chatty manner,
00285441-r,volubly,"‘when I was a girl,’ she said chattily, ‘I used to ride a bicycle’",in a chatty manner,
00285748-r,cheekily,"brashly, she asked for a rebate",in a brash cheeky manner,
00285748-r,nervily,"brashly, she asked for a rebate",in a brash cheeky manner,
00285748-r,brashly,"brashly, she asked for a rebate",in a brash cheeky manner,
00286242-r,circularly,,in a circular manner,
00286319-r,clannishly,"these four friends always act clannishly, and don't let us participate in their activities",in a clannish manner,
00286319-r,cliquishly,"these four friends always act clannishly, and don't let us participate in their activities",in a clannish manner,
00289064-r,compatibly,,with compatibility,
00289157-r,incompatibly,,without compatibility,
00289765-r,comprehensively,,in an all-inclusive manner,
00289871-r,noncomprehensively,,in a limited way,
00290270-r,computationally,"computationally, this is a tricky problem",with regard to computation,
00290403-r,brotherly,,(archaic as adverb) in a manner characteristic of a brother,
00290519-r,pro,,"in favor of a proposition, opinion, etc.",
00290736-r,conceitedly,he always acts so conceitedly!,with conceit; in a conceited manner,
00290736-r,self-conceitedly,he always acts so conceitedly!,with conceit; in a conceited manner,
00291450-r,in a nutshell,gave the facts in a nutshell,summed up briefly,
00292076-r,cytophotometrically,,by cytophotometric means,
00292166-r,cytoplasmically,,by means of cytoplasm,
00292590-r,cum laude,he graduated cum laude,with distinction,
00292682-r,magna cum laude,he graduated magna cum laude,with high honor,
00292791-r,summa cum laude,he graduated summa cum laude,with highest honor,
00293663-r,consecutive,we numbered the papers consecutively,in a sequential manner,
00293663-r,sequentially,we numbered the papers consecutively,in a sequential manner,
00294485-r,crisscross,,crossing one another in opposite directions,
00294643-r,counteractively,,in a counteractive manner,
00296016-r,consequentially,,having the result that,
00296096-r,inconsequentially,"‘You're so beautifully dressed,’ she said and added quite inconsequentially, ‘Can you stay the night?’",lacking consequence,
00296096-r,inconsequently,"‘You're so beautifully dressed,’ she said and added quite inconsequentially, ‘Can you stay the night?’",lacking consequence,
00296490-r,contemporaneously,"contemporaneously, or possibly a little later, there developed a great Sumerian civilisation",during the same period of time,
00296680-r,contrastingly,"contrastingly, both the rooms leading off it gave an immediate impression of being disgraced",in a contrasting manner,
00297139-r,incredibly,"incredibly, she survived the crash",not easy to believe,
00297139-r,improbably,"incredibly, she survived the crash",not easy to believe,
00297139-r,implausibly,"incredibly, she survived the crash",not easy to believe,
00297139-r,unbelievably,"incredibly, she survived the crash",not easy to believe,
00298279-r,cryptographically,,in a cryptographic manner,
00298819-r,damned,"kindly Arthur — so damnably, politely, endlessly persistent!",in a damnable manner,
00298819-r,damnably,"kindly Arthur — so damnably, politely, endlessly persistent!",in a damnable manner,
00298819-r,cursedly,"kindly Arthur — so damnably, politely, endlessly persistent!",in a damnable manner,
00299814-r,indecisively,the battle ended indecisively: neither side had clearly won but neither side admitted defeat,without finality; inconclusively,
00300588-r,delightedly,"delightedly, she accepted the invitation",with delight,
00303026-r,undeservedly,"the team chalked up another victory, the last one quite undeservedly, in my opinion",in an unmerited manner,
00304163-r,uncontroversially,,not involving any controversy,
00305019-r,reprehensibly,,in a manner or to a degree deserving blame or censure,
00305019-r,culpably,,in a manner or to a degree deserving blame or censure,
00305811-r,daringly,"daringly, he set out on a camping trip in East Africa",in an adventurous manner,
00306284-r,deadly,,as if dead,
00306284-r,lifelessly,,as if dead,
00306539-r,indecorously,,without decorousness,
00306539-r,unbecomingly,,without decorousness,
00310160-r,desolately,,in grief-stricken loneliness; without comforting circumstances or prospects,
00310160-r,disconsolately,,in grief-stricken loneliness; without comforting circumstances or prospects,
00310504-r,diffidently,"‘Oh, well,’ he shrugged diffidently, ‘I like the work.’",in a diffident manner,
00311268-r,detrimentally,,in a detrimental manner,
00311268-r,harmfully,,in a detrimental manner,
00311268-r,noxiously,,in a detrimental manner,
00315374-r,disgustedly,"disgustedly, she averted her eyes when they brought in the mutilated body of the horse",with disgust,
00316228-r,honestly,"honestly, I don't believe it",(used as intensives reflecting the speaker's attitude) it is sincerely the case that,
00316228-r,candidly,"honestly, I don't believe it",(used as intensives reflecting the speaker's attitude) it is sincerely the case that,
00316228-r,frankly,"honestly, I don't believe it",(used as intensives reflecting the speaker's attitude) it is sincerely the case that,
00316988-r,disingenuously,"disingenuously, he asked leading questions about his opponent's work",in a disingenuous manner,
00316988-r,artfully,"disingenuously, he asked leading questions about his opponent's work",in a disingenuous manner,
00320223-r,disputatiously,,in a disputatious manner,
00320223-r,argumentatively,,in a disputatious manner,
00320472-r,disreputably,,in a disreputable manner,
00320573-r,reputably,,in a reputable manner,
00321028-r,distantly,"dimly, distantly, voices sounded in the stillness",from or at a distance,
00321630-r,distributively,"taken distributively, their rights are imperceptible",as individuals or as separate units (not collectively),
00322327-r,doctrinally,,as a matter of doctrine,
00322917-r,domestically,"domestically, the president proposes a more moderate economic policy",with respect to the internal affairs of a government,
00323386-r,double time,now let's play the piece again double-quick,at a faster speed,
00323386-r,double quick,now let's play the piece again double-quick,at a faster speed,
00323816-r,downhill,"running downhill, he gained a lot of speed",toward the bottom of a hill,
00325863-r,westerly,"{'source': 'Daniel Defoe', 'text': 'we began to steer away westerly'}",in a westward direction,
00328163-r,elementarily,,in an elementary manner,
00329149-r,inelegantly,,without elegance,
00332587-r,evenly,,in a level and regular way,
00332854-r,unevenly,,in an uneven and irregular way,
00335532-r,expediently,,in an expedient manner,
00335532-r,inadvisably,,in an expedient manner,
00335662-r,inexpediently,,in an inexpedient manner,
00337069-r,extravagantly,"the United States, up to the 1920s, used fuel lavishly, mainly because it was so cheap",in a wasteful manner,
00337069-r,lavishly,"the United States, up to the 1920s, used fuel lavishly, mainly because it was so cheap",in a wasteful manner,
00337430-r,faddishly,,in a faddish manner,
00337430-r,faddily,,in a faddish manner,
00340428-r,feebly,"reform, in fact, is, rather feebly, on the win",in a halting and feeble manner,
00340873-r,unfeelingly,"unfeelingly, she required her maid to work on Christmas Day",without compassionate feelings,
00341590-r,fifthly,"fifthly, we must adhere to the rules set by the local government",in the fifth place,
00341997-r,first class,we always travel first class,by first class conveyance; with first class accommodations,
00344853-r,unforgivingly,"unforgivingly, he insisted that she pay her debt to the last penny",without forgiveness; in an unforgiving manner,
00345456-r,piano,,used as a direction in music; to be played relatively softly,
00345456-r,softly,,used as a direction in music; to be played relatively softly,
00345595-r,forte,,used as a direction in music; to be played relatively loudly,
00345595-r,loudly,,used as a direction in music; to be played relatively loudly,
00345734-r,pianissimo,,a direction in music; to be played very softly,
00345734-r,very softly,,a direction in music; to be played very softly,
00345869-r,fortissimo,,a direction in music; to be played very loudly,
00345869-r,very loudly,,a direction in music; to be played very loudly,
00346567-r,fourthly,"fourthly, you must pay the rent on the first of the month",in the fourth place,
00346567-r,fourth,"fourthly, you must pay the rent on the first of the month",in the fourth place,
00346866-r,fraternally,,in a brotherly manner,
00347253-r,frugally,"in villages, the new pipeline marks the end of water as a precious liquid, to be dispensed frugally, weighed out drop by drop",in a frugal manner,
00347981-r,fretfully,"fretfully, the baby tossed in his crib",in a fretful manner,
00349656-r,jeeringly,,in a disrespectful jeering manner,
00349656-r,mockingly,,in a disrespectful jeering manner,
00349656-r,gibingly,,in a disrespectful jeering manner,
00350388-r,glissando,"this should be played glissando, please",(musical direction) in the manner of a glissando (with a rapidly executed series of notes),
00351651-r,gluttonously,this man eats gluttonously!,in a gluttonous manner,
00351874-r,good-naturedly,,in a good-natured manner,
00352726-r,gregariously,,in a gregarious manner,
00352726-r,sociably,,in a gregarious manner,
00353252-r,gropingly,,in an uncertain groping manner,
00354517-r,half-hourly,,"every thirty minutes, every half hour",
00354612-r,half-yearly,,"every half year, every six months",
00356040-r,hatefully,,in a hateful manner,
00356577-r,unadvisedly,,in an unadvised manner,
00356657-r,recklessly,,in a reckless manner,
00357947-r,hereinbefore,,in the preceding part of the current text,
00358208-r,hereupon,"hereupon, the passengers stumbled aboard",immediately after this,
00359316-r,high-mindedly,"he talks high-mindedly, but we don't know whether he acts according to his principles",in a high-minded manner,
00359488-r,questioningly,"they turned their heads questioningly, as if awaiting further instructions",in a curious and questioning manner,
00359488-r,wonderingly,"they turned their heads questioningly, as if awaiting further instructions",in a curious and questioning manner,
00360781-r,hourly,"daily, hourly, I grew stronger",every hour; by the hour,
00363133-r,ideologically,"ideologically, we do not see eye to eye",with respect to ideology,
00363577-r,idly,"this is what I always imagined myself doing in the south of France, sitting idly, drinking coffee, watching the people",in an idle manner,
00363577-r,lazily,"this is what I always imagined myself doing in the south of France, sitting idly, drinking coffee, watching the people",in an idle manner,
00365014-r,legitimately,you cannot do this legitimately!,in a manner acceptable to common custom,
00365014-r,lawfully,you cannot do this legitimately!,in a manner acceptable to common custom,
00365014-r,licitly,you cannot do this legitimately!,in a manner acceptable to common custom,
00365540-r,logically,"logically, you should now do the same to him",according to logical reasoning,
00366906-r,penitently,,showing remorse,
00366906-r,penitentially,,showing remorse,
00366906-r,repentantly,,showing remorse,
00367080-r,imperatively,,in an imperative and commanding manner,
00367080-r,peremptorily,,in an imperative and commanding manner,
00368189-r,personally,"speaking personally, I would not want to go",as yourself,
00369664-r,importantly,"more importantly, Weber held that the manifold meaning attached to the event by the social scientist could alter his definition of the concrete event itself",in an important way or to an important degree,
00369664-r,significantly,"more importantly, Weber held that the manifold meaning attached to the event by the social scientist could alter his definition of the concrete event itself",in an important way or to an important degree,
00370459-r,precisely,"‘Precisely, my lord,’ he said",just as it should be,
00370459-r,exactly,"‘Precisely, my lord,’ he said",just as it should be,
00370459-r,on the nose,"‘Precisely, my lord,’ he said",just as it should be,
00370459-r,on the dot,"‘Precisely, my lord,’ he said",just as it should be,
00370459-r,on the button,"‘Precisely, my lord,’ he said",just as it should be,
00370928-r,providently,"providently, he had saved up some money for emergencies",in a provident manner,
00371348-r,imprudently,"imprudently, he downed tools and ran home to make his wife happy",in an imprudent manner,
00373140-r,incriminatingly,,in an incriminating manner,
00374285-r,indignantly,"Miss Burney protested indignantly, her long thin nose turning pink with mortification at this irreverent piece of mimicry",in an indignant manner,
00375875-r,influentially,,exerting influence,
00375953-r,informatively,,in an informative manner,
00375953-r,instructively,,in an informative manner,
00380634-r,from the heart,he spoke from the heart,very sincerely,
00380718-r,insinuatingly,"the art book has art to sell, insinuatingly, and for a purpose, like the American muse, which has in fact a tradition to sell, and one which doesn't exist, in painting",in an insinuating manner,
00381063-r,insomuch,,to such an extent or degree; so,
00381386-r,insubstantially,,not substantially; lacking substantial expression or fullness,
00381386-r,impalpably,,not substantially; lacking substantial expression or fullness,
00381934-r,interdepartmental,this memo was circulated interdepartmentally,between departments,
00382423-r,interrogatively,,in a questioning format,
00382827-r,intolerantly,,in an intolerant manner,
00383087-r,intransitively,"you can use the verb ‘drink’ intransitively, without a direct object",in an intransitive manner,
00383775-r,invidiously,,in a manner arousing resentment,
00383864-r,invincibly,"invincibly, the troops moved forward",in an invincible manner,
00384453-r,ironically,"ironically, he ended up losing money under his own plan",contrary to plan or expectation,
00384582-r,irrelevantly,"suddenly and irrelevantly, she asked him for money",in an irrelevant manner,
00386220-r,jocosely,they tried to deal with this painful subject jocularly,with humor,
00386220-r,jocular,they tried to deal with this painful subject jocularly,with humor,
00387120-r,killingly,,in a very humorous manner,
00387120-r,sidesplittingly,,in a very humorous manner,
00387726-r,landward,"landward, miles of rough grass marshes melt into low uplands",toward land,
00387726-r,landwards,"landward, miles of rough grass marshes melt into low uplands",toward land,
00388297-r,large,,"at a distance, wide of something (as of a mark)",
00388378-r,lasciviously,,in a lascivious manner,
00388378-r,salaciously,,in a lascivious manner,
00389359-r,under arms,,armed and prepared for fighting,
00389887-r,legato,"play this legato, please",connecting the notes; in music,
00389998-r,staccato,"play this staccato, please",separating the notes; in music,
00390398-r,lento,"Play this lento, please",in music,
00390398-r,slowly,"Play this lento, please",in music,
00392720-r,unmanfully,,without qualities thought to befit a man,
00392720-r,unmanly,,without qualities thought to befit a man,
00392962-r,light-handedly,,in a light-handed manner,
00393380-r,limnologically,,with regard to or concerning limnology,
00393707-r,matrilineally,,by descent through the female line,
00393801-r,patrilineally,,by descent through the male line,
00393893-r,lingeringly,"{'source': 'Rossetti', 'text': 'her voice was swift, yet ever the last words fell lingeringly'}","in a slow, leisurely or prolonged way",
00393893-r,protractedly,"{'source': 'Rossetti', 'text': 'her voice was swift, yet ever the last words fell lingeringly'}","in a slow, leisurely or prolonged way",
00394265-r,lividly,,in a livid manner,
00394594-r,longer,can I stay bit longer?,for more time,
00394779-r,loquaciously,"‘When I was young,’ she continued loquaciously, ‘I used to do all sorts of naughty things’",in a chatty loquacious manner,
00394779-r,garrulously,"‘When I was young,’ she continued loquaciously, ‘I used to do all sorts of naughty things’",in a chatty loquacious manner,
00394779-r,talkatively,"‘When I was young,’ she continued loquaciously, ‘I used to do all sorts of naughty things’",in a chatty loquacious manner,
00394779-r,talkily,"‘When I was young,’ she continued loquaciously, ‘I used to do all sorts of naughty things’",in a chatty loquacious manner,
00396055-r,magnanimously,"magnanimously, he forgave all those who had harmed him",in a magnanimous manner,
00396753-r,malignantly,,"in a malignant manner, as of a tumor that spreads",
00396860-r,malignly,,in a malign and evil manner,
00396942-r,managerially,,in a managerial manner,
00397023-r,mangily,,in a mangy manner,
00397239-r,manipulatively,,in an artfully manipulative manner,
00399834-r,meanspiritedly,,in a meanspirited manner,
00400548-r,meditatively,"round and round, while meditatively, as a cow chewing the cud, he let his eyes rest on the flat water ahead of him",in a meditative manner,
00400747-r,mellowly,,in a mellow manner,
00400747-r,mellow,,in a mellow manner,
00401612-r,unmemorably,,in an unmemorable manner,
00401884-r,mendaciously,"I told him, quite untruthfully, that I had just returned from leave",in a mendacious and untruthful manner,
00401884-r,untruthfully,"I told him, quite untruthfully, that I had just returned from leave",in a mendacious and untruthful manner,
00402308-r,menially,,in a menial manner,
00402908-r,messily,"Rossi spat very deliberately, and very messily, upon Durieux's party card","in a messy, untidy manner",
00402908-r,untidily,"Rossi spat very deliberately, and very messily, upon Durieux's party card","in a messy, untidy manner",
00403375-r,metrically,"metrically, these poems are matched",with regard to meter,
00403940-r,amidships,"in the late 19th century, engines were placed in front, amidships, and at the rear",at or near or toward the center of a ship,
00403940-r,amidship,"in the late 19th century, engines were placed in front, amidships, and at the rear",at or near or toward the center of a ship,
00403940-r,midships,"in the late 19th century, engines were placed in front, amidships, and at the rear",at or near or toward the center of a ship,
00404127-r,midweek,,in the middle of the week,
00404674-r,miraculously,"my hand grasped the gun that was, miraculously, lying on the ground beside my finger tips",in a miraculous manner,
00405159-r,momentously,,in a momentous way,
00407778-r,in return,gave up our seats on the plane and in return received several hundred dollars and seats on the next plane out,(often followed by ‘for’) in exchange or in reciprocation,
00407778-r,reciprocally,gave up our seats on the plane and in return received several hundred dollars and seats on the next plane out,(often followed by ‘for’) in exchange or in reciprocation,
00408067-r,naively,"he believed, naively, that she would leave him her money",in a naive manner,
00408548-r,narrow-mindedly,"narrow-mindedly, the authorities closed down the cafe where teenagers used to hang out",in a narrow-minded manner,
00408548-r,small-mindedly,"narrow-mindedly, the authorities closed down the cafe where teenagers used to hang out",in a narrow-minded manner,
00409589-r,nay,"each of us is peculiar, nay, in a sense unique",not this merely but also; not only so but,
00410542-r,neck and neck,the horses ran neck and neck,even or close in a race or competition or comparison,
00410542-r,head-to-head,the horses ran neck and neck,even or close in a race or competition or comparison,
00410542-r,nip and tuck,the horses ran neck and neck,even or close in a race or competition or comparison,
00410919-r,neglectfully,,in a neglectful manner,
00411507-r,nevermore,"{'source': 'E.A. Poe', 'text': 'Quoth the raven, nevermore!'}",at no time hereafter,
00411507-r,never again,"{'source': 'E.A. Poe', 'text': 'Quoth the raven, nevermore!'}",at no time hereafter,
00411953-r,close up,without my reading glasses I can hardly see things close up,very close,
00411953-r,at close range,without my reading glasses I can hardly see things close up,very close,
00412955-r,nutritionally,"nutritionally, her new diet is suicide",with regard to nutrition,
00413571-r,northeast,,"to, toward, or in the northeast",
00413571-r,north-east,,"to, toward, or in the northeast",
00413571-r,nor'-east,,"to, toward, or in the northeast",
00413665-r,northwest,,"to, toward, or in the northwest",
00413665-r,north-west,,"to, toward, or in the northwest",
00413665-r,nor'-west,,"to, toward, or in the northwest",
00413759-r,north-northeast,,"to, toward, or in the north-northeast",
00413759-r,nor'-nor'-east,,"to, toward, or in the north-northeast",
00413857-r,north-northwest,,"to, toward, or in the north-northwest",
00413857-r,nor'-nor'-west,,"to, toward, or in the north-northwest",
00414506-r,observantly,,in an observant manner,
00414506-r,observingly,,in an observant manner,
00414618-r,obstreperously,"obstreperously, he demanded to get service",in manner that attracts attention,
00414618-r,loudly,"obstreperously, he demanded to get service",in manner that attracts attention,
00414618-r,clamorously,"obstreperously, he demanded to get service",in manner that attracts attention,
00414799-r,obtrusively,,in an obtrusive manner,
00415483-r,offside,,illegally in advance of the ball or puck,
00415559-r,onerously,,in an onerous manner,
00416070-r,optimally,,in an optimal and most desirable way,
00416968-r,organizationally,"organizationally, the conference was a disaster!",with regard to organization,
00417110-r,osmotically,,by means of osmosis,
00417692-r,overbearingly,,in an overbearing manner,
00418673-r,palatably,,in a palatable way,
00419209-r,parentally,,in a parental manner,
00419794-r,patchily,,in spots,
00420302-r,patriotically,"patriotically, he buys only U.S.-made products",in a patriotic manner,
00420895-r,pedantically,"these interpretations are called ‘schemas’ or, more pedantically, ‘schemata’",in a pedantic manner,
00421054-r,peevishly,,in a peevish manner,
00421054-r,querulously,,in a peevish manner,
00421054-r,fractiously,,in a peevish manner,
00421705-r,perceptively,,in a perceptive manner,
00422171-r,perkily,"stuck perkily, like a bustle on a woman's skirt",in a perky manner,
00423235-r,pervasively,,in a pervasive manner,
00423314-r,pettily,,in a petty way,
00423382-r,pharmacologically,"pharmacologically, this plant could have important applications",with regard to pharmacology,
00423660-r,philanthropically,,in a philanthropic manner,
00424530-r,piggishly,"piggishly, he took two pieces of cake",in a piggish manner,
00425289-r,pizzicato,,with a light plucking staccato sound,
00426773-r,piteously,,in a piteous manner,
00428672-r,poisonously,,in a very malevolent manner,
00428672-r,venomously,,in a very malevolent manner,
00428968-r,plumb,,conforming to the direction of a plumb line,
00429384-r,popishly,,like the Pope; in a popish manner,
00429472-r,portentously,"portentously, the engines began to roll",in a portentous manner,
00430084-r,poutingly,,with a pout or in a pouting manner,
00430404-r,powerlessly,,in a powerless manner,
00430483-r,practicably,,in a practicable manner; so as to be feasible,
00430483-r,feasibly,,in a practicable manner; so as to be feasible,
00431708-r,predictably,"predictably, he did not like the news",in a predictable manner or to a predictable degree,
00432340-r,carnally,,in a carnal manner,
00432599-r,pressingly,,in a pressing manner,
00433834-r,primitively,,with reference to the origin or beginning,
00433834-r,originally,,with reference to the origin or beginning,
00433834-r,in the beginning,,with reference to the origin or beginning,
00434111-r,problematically,,in such a way as to pose a problem,
00435013-r,profitlessly,,without gain or profit,
00435013-r,unprofitably,,without gain or profit,
00435013-r,gainlessly,,without gain or profit,
00436397-r,prudishly,"she acts prudishly, but I wonder whether she is really all that chaste",in a prudish manner,
00436397-r,puritanically,"she acts prudishly, but I wonder whether she is really all that chaste",in a prudish manner,
00436580-r,pruriently,,in a prurient manner,
00437154-r,pugnaciously,,in a pugnacious manner,
00437696-r,punily,,in a puny manner,
00437765-r,punishingly,,in a punishing manner,
00437844-r,punitively,,in a way intended to punish,
00437844-r,punitorily,,in a way intended to punish,
00437844-r,penally,,in a way intended to punish,
00441286-r,rapaciously,,in a rapacious manner,
00441740-r,rebukingly,,in the manner of someone delivering a rebuke,
00441823-r,receptively,,in a receptive manner,
00442416-r,relevantly,,with relevance,
00443542-r,reservedly,,with reserve; in a reserved manner,
00443633-r,resignedly,"resignedly, I telegraphed back that it was all right with me if he insisted",with resignation and acceptance; in a resigned manner,
00443804-r,ripely,,with mature or developed appearance,
00444028-r,resourcefully,,in a resourceful manner,
00444777-r,retentively,,in a retentive manner,
00444990-r,retrospectively,"retrospectively, he seems like a great artist",in a manner contemplative of past events,
00445539-r,reversely,,in an opposite way; so as to be reversed,
00445743-r,right-down,"{'source': 'Charles Dickens', 'text': ""a regular right-down bad 'un""}",positively,
00449404-r,coastward,,in the direction of the coast,
00449663-r,second class,we traveled second class,by second class conveyance,
00449758-r,secretively,"the teacher raised a hand to him, slightly and secretively, because he was her favorite",in a secretive manner; with a preference for secrecy,
00449959-r,sedately,,in a sedate manner,
00449959-r,calmly,,in a sedate manner,
00450666-r,self-evidently,,in a self-evident manner,
00451658-r,unsentimentally,"unsentimentally, she threw out her dead son's toys",in an unsentimental manner,
00452400-r,seventhly,"seventhly, you have no right to cancel the lease in mid-year",in the seventh place,
00453331-r,shallowly,,in a shallow manner,
00453406-r,shambolically,,in a shambolic manner,
00454019-r,sheer,,straight up or down without a break,
00454019-r,perpendicularly,,straight up or down without a break,
00455322-r,shudderingly,"shudderingly, she acknowledged to herself that she dared not face what lay before her",with a shudder,
00455853-r,sidelong,"{'source': 'Nathaniel Hawthorne', 'text': 'seated sidelong to the window'}",with the side toward someone or something,
00457002-r,pusillanimously,"simperingly, the accused begged for mercy",with a lack of courage and determination,
00457002-r,simperingly,"simperingly, the accused begged for mercy",with a lack of courage and determination,
00457279-r,single-mindedly,,in a single-minded manner,
00457801-r,sixthly,"sixthly, we cannot afford a vacation",in the sixth place,
00459088-r,slanderously,,in a false and slanderous and defamatory manner; with slander or calumny,
00459088-r,calumniously,,in a false and slanderous and defamatory manner; with slander or calumny,
00459370-r,slantingly,,with a slant,
00459370-r,slopingly,,with a slant,
00459469-r,slantwise,,at a slant; moving or directed in a slantwise position or direction,
00459469-r,slantways,,at a slant; moving or directed in a slantwise position or direction,
00459726-r,slam-bang,yachts ran slap-bang into the convoy at 15 knots an hour,with heedless speed,
00460752-r,smoothly,"‘And now,’ he said smoothly, ‘we will continue the conversation’",in a smooth and diplomatic manner,
00461491-r,unsmilingly,"unsmilingly, he greeted his in-laws",without smile; in an unsmiling manner,
00461819-r,smuttily,,in a smutty manner,
00461819-r,vulgarly,,in a smutty manner,
00462637-r,sobbingly,"sobbingly, the teenager admitted killing the baby",with sobs,
00462737-r,sociably,"sociably, the new neighbors invited everyone on the block for coffee",in a sociable manner,
00463804-r,sordidly,,in a sordid or squalid way,
00463804-r,squalidly,,in a sordid or squalid way,
00464053-r,sorrowfully,,in a sorrowful manner,
00464132-r,all together,Let's say ‘Yes!’ all at once,all at the same time,
00464132-r,all at once,Let's say ‘Yes!’ all at once,all at the same time,
00464239-r,sottishly,,in a sottish manner,
00464314-r,southeast,,"to, toward, or in the southeast",
00464314-r,south-east,,"to, toward, or in the southeast",
00464314-r,sou'-east,,"to, toward, or in the southeast",
00464408-r,southwest,,"to, toward, or in the southwest",
00464408-r,south-west,,"to, toward, or in the southwest",
00464408-r,sou'west,,"to, toward, or in the southwest",
00464501-r,south-southeast,,"to, toward, or in the south southeast",
00464501-r,sou'-sou'-east,,"to, toward, or in the south southeast",
00464599-r,south-southwest,,"to, toward, or in the south southwest",
00464599-r,sou'-sou'-west,,"to, toward, or in the south southwest",
00465693-r,speciously,,in a specious manner,
00466176-r,sportingly,,so as to be sporting; in a sporting manner,
00466293-r,unsportingly,,in an unsportsmanlike manner,
00467231-r,standoffishly,"standoffishly, he declined the invitation to the office party",in a standoffish manner,
00468284-r,stereotypically,,in a stereotypical manner,
00469954-r,thereinafter,,"in the following part of a given matter, as in a document or speech",
00470364-r,therewith,"{'source': 'The Bible, Philippians 4:11', 'text': 'I have learned that whatever state I am, therewith to be content'}",with that or this or it,
00470504-r,therewithal,"{'source': 'Shakespeare', 'text': 'thy slanders I forgive; and therewithal remit thy other forfeits'}",together with all that; besides,
00472665-r,unromantically,"we got married, rather unromantically, in a dingy office in the town hall",without romance; in an unromantic manner,
00473095-r,superfluously,"superfluously, he added his silly comments to the discussion",in a superfluous manner,
00473242-r,superlatively,,to a superlative degree,
00474199-r,surprisedly,,in the manner of one who is surprised,
00478108-r,tenthly,,"(in enumerating something, such as topics or points of discussion) in the tenth place",
00478378-r,theologically,"he dealt with the problem of evil theologically, not philosophically",in a theological manner,
00478938-r,traditionally,"traditionally, we eat fried foods on Hanukah",according to tradition; in a traditional manner,
00481122-r,timorously,,in a timorous and trepid manner,
00481122-r,trepidly,,in a timorous and trepid manner,
00481406-r,tomorrow,,"the next day, the day after, following the present day",
00481921-r,tortuously,,with twists and turns,
00482210-r,transcendentally,,in a transcendental way or to a transcendental extent,
00482524-r,transitionally,,as a transitional step or in a transitional manner,
00482635-r,transitorily,,for a very brief time,
00484611-r,typographically,,in a typographic way,
00484693-r,ultra vires,,beyond the scope or in excess of legal power or authority,
00486768-r,unchivalrously,"unchivalrously, the husbands who had to provide such innocent indulgences eventually began to count the costs",in an unchivalrous and ungallant manner,
00487120-r,uncompromisingly,,in an uncompromising manner,
00487462-r,unwontedly,,in an unusual manner,
00487818-r,uncouthly,"uncouthly, he told stories that made everybody at the table wince",in an uncouth manner,
00487963-r,unctuously,,in an unctuous manner,
00487963-r,smarmily,,in an unctuous manner,
00487963-r,fulsomely,,in an unctuous manner,
00489336-r,underhandedly,"{'source': 'John Donne', 'text': 'Mean revenge, committed underhand'}",slyly and secretly,
00489336-r,underhand,"{'source': 'John Donne', 'text': 'Mean revenge, committed underhand'}",slyly and secretly,
00490485-r,unimaginably,,to an unimaginable extent,
00490485-r,unthinkably,,to an unimaginable extent,
00490777-r,unnaturally,"his other arm lay across his chest, unnaturally, as if placed there deliberately, for a purpose",in an unnatural way,
00491086-r,precedentedly,,with precedent,
00491178-r,unprecedentedly,,in an unprecedented manner,
00491393-r,unrestrainedly,,in an unrestrained manner,
00491623-r,unstintingly,,in an unstinting manner,
00492424-r,unworthily,,in an unworthy manner,
00492996-r,uprightly,,in an upright position,
00494018-r,vacuously,,in a vacuous manner,
00495238-r,vigilantly,,in a watchful manner,
00495238-r,watchfully,,in a watchful manner,
00495612-r,vivace,play this section vivace!,"lively, in music",
00496172-r,vulnerably,,in a vulnerable manner,
00496251-r,waggishly,,in a waggish manner,
00496653-r,wealthily,,with riches,
00497507-r,whence,,"from what place, source, or cause",
00497575-r,wherever,,"where in the world; location, singular, elective existential pronoun",
00497575-r,wheresoever,,"where in the world; location, singular, elective existential pronoun",
00498580-r,wistfully,"his sister would have looked beautiful in that dress, he thought wistfully, just like an angel",in a wistful manner,
00498998-r,wolfishly,,in the manner of a wolf,
00499077-r,worryingly,,in a manner to cause worry,
00499327-r,worthily,,in a worthy manner; with worthiness,
00499417-r,worthlessly,,in a worthless manner,
00499758-r,yea,"I therein do rejoice, yea, and will rejoice","not only so, but",
00499758-r,yeah,"I therein do rejoice, yea, and will rejoice","not only so, but",
00500380-r,a la mode,we served the apple pie a la mode,with ice cream on top or on the side,
00500491-r,between decks,,"in the space between decks, on a ship",
00500491-r,'tween decks,,"in the space between decks, on a ship",
00501131-r,bonnily,,in a bonny manner,
00501646-r,clammily,,in a clammy manner,
00501719-r,conjugally,,in a conjugal manner,
00501719-r,connubial,,in a conjugal manner,
00501826-r,constrainedly,,in a constrained manner,
00502131-r,coordinately,,in a coordinated manner,
00502213-r,corruptly,,in a corrupt manner,
00502213-r,corruptedly,,in a corrupt manner,
00502424-r,dingily,,in a dingy manner,
00502424-r,grubbily,,in a dingy manner,
00502424-r,grungily,,in a dingy manner,
00502553-r,discursively,,in a rambling manner,
00502553-r,ramblingly,,in a rambling manner,
00502645-r,profligately,,in a dissolute way,
00502645-r,dissolutely,,in a dissolute way,
00502957-r,imminently,,in an imminent manner,
00503035-r,integrally,,in an integral manner,
00503113-r,martially,,in a martial manner,
00503188-r,ruggedly,,in a rugged manner,
00503261-r,shrewishly,,in a shrewish manner,
00503338-r,in principle,"in principle, we agree",with regard to fundamentals although not concerning details,
00503338-r,in theory,"in principle, we agree",with regard to fundamentals although not concerning details,
00503338-r,in essence,"in principle, we agree",with regard to fundamentals although not concerning details,
00503489-r,per capita,"we are spending $5,000 per capita annually for education in this district",per person; for each person; of each person,
00505869-r,in common,we have several things in common,of joint or shared interest,
00506091-r,in common,"mites are arachnids, but they have a lot in common with insects",in joint use or possession,
00506249-r,in common with,"in common with families in general, one parent families have been getting smaller",in the same way as; like,
00506948-r,second hand,I prefer to buy second hand,from a source of previously owned goods,
00507076-r,in full,the amount was paid in full,referring to a quantity,
00507076-r,fully,the amount was paid in full,referring to a quantity,
00507466-r,in flight,we saw the ducks in flight,flying through the air,
00507466-r,on the wing,we saw the ducks in flight,flying through the air,
00507906-r,by rights,,with reason or justice,
00507966-r,caudally,,toward the posterior end of the body,
00507966-r,caudal,,toward the posterior end of the body,
00508298-r,one by one,the prisoners came out one by one,in succession,
00508298-r,one at a time,the prisoners came out one by one,in succession,
00508403-r,one after another,,following one another in quick succession,
00508403-r,one after the other,,following one another in quick succession,
00508749-r,redly,"{'source': 'Adria Langley', 'text': 'the forge belched redly at the sky'}",displaying a red color,
00510352-r,yesterday,I was not born yesterday!,in the recent past; only a short time ago,
00510788-r,on earth,what on earth are you doing?,used with question words to convey surprise,
00511820-r,from pillar to post,we were driven from pillar to post,from one place or situation to another,
00511820-r,hither and thither,we were driven from pillar to post,from one place or situation to another,
00512638-r,out of sight,the ship disappeared behind the horizon and passed out of sight,no longer visible,
00512638-r,out of view,the ship disappeared behind the horizon and passed out of sight,no longer visible,
00512777-r,out of place,he felt out of place in the lingerie shop,in a setting where one is or feels inappropriate or incongruous,
00512926-r,baby-wise,"he cradled it, baby-wise, in his arms",like a baby,
00512926-r,baby-like,"he cradled it, baby-wise, in his arms",like a baby,
00513162-r,coincidentally,,happening at the same time,
00513162-r,coincidently,,happening at the same time,
00513385-r,contextually,,in a manner dependent on context,
00513476-r,departmentally,,dependent on a department,
00513562-r,polygonally,,in a polygonal manner,
00513641-r,regimentally,,in a regimental manner or by regiments,
00513738-r,residentially,,used as a residence,
00513817-r,schismatically,,in a manner that is schismatic,
00513908-r,viscerally,,in an unreasoning visceral manner,
00513908-r,unreasoningly,,in an unreasoning visceral manner,
00514358-r,nebulously,,in a nebulous and indefinite manner,
00514619-r,northwestward,,in a northwestward direction,
00514619-r,northwestwardly,,in a northwestward direction,
00514912-r,southwestward,,in a southwestward direction,
00514912-r,southwestwardly,,in a southwestward direction,
00515036-r,abaxially,,in an abaxial manner,
00515130-r,adaxially,,in an adaxial manner,
00515224-r,adjectivally,,as an adjective; in an adjectival manner,
00515323-r,affirmatively,,in an affirmative manner,
00515631-r,complexly,,in a complex manner,
00515706-r,cursively,,in a cursive manner,
00515781-r,dolce,,gently and sweetly,
00515852-r,draggingly,,in a dragging manner,
00515929-r,eccentrically,,not symmetrically with respect to the center,
00516033-r,eccentrically,,in an eccentric or bizarre manner,
00516126-r,endogenously,,in an endogenous manner,
00516208-r,erotically,,in an erotic manner,
00516284-r,hypnotically,,by means of hypnotism,
00516364-r,immunologically,,from the point of view of immunology,
00516462-r,in vitro,an egg fertilized in vitro,in an artificial environment outside the living organism,
00516462-r,ex vivo,an egg fertilized in vitro,in an artificial environment outside the living organism,
00516613-r,irreparably,,in an irreparable manner or to an irreparable degree,
00516723-r,irritatingly,,in an irritating manner,
00516805-r,judicially,,as ordered by a court,
00517008-r,on camera,the senator didn't realize that he was speaking on camera,within range of a movie or television camera,
00517151-r,prepositionally,,as a preposition,
00517229-r,presidentially,,in a presidential manner,
00517422-r,recurrently,,in a recurrent manner,
00517605-r,sinuously,,in a sinuous manner,
00517680-r,sinusoidally,,in a sinusoidal manner,
00517761-r,spaceward,,towards outer space,
00517761-r,spacewards,,towards outer space,
00518214-r,synergistically,,(of drugs or muscles) in a synergistic or interactive manner,
00518336-r,synergistically,,(of group) in a synergistic or cooperative manner,
00518683-r,topologically,,from the point of view of topology,
00518777-r,ulteriorly,,in an ulterior manner,
00518855-r,vexatiously,,in a vexatious manner,
00519421-r,incorrigibly,,in an incorrigible manner,
00519523-r,rabidly,,in the manner of an animal with rabies,
00519615-r,rabidly,,in an extreme or fanatical manner,
00519720-r,insufferably,,in an extremely arrogant or conceited manner,
00520033-r,voluminously,,in a voluminous manner,
81276284-r,online,"{'source': 'UD_English-GUM Corpus', 'text': 'People were encouraged to submit their designs online at www.flag.govt.nz and suggest what the flag should mean on www.standfor.co.nz.'}",through a computer or a computer network,
90003183-r,derp,,reacting to a stupid but cute action,
91000331-r,so yeah,,"In other words, as a result",
91001531-r,tonally,,regarding the tone,
